"sender","subject","number","dt","dow","full","date","time","ndt"
"sr-mob.webmaster@noaa.gov","EM Draft: BHMHWOMOB Mon Sep 2 10:17:18 GMT 2019",1,2019-09-02 06:17:00,"Monday","September 2, 2019 6:17 AM","September 2, 2019","6:17 AM",1567419420
"John Murphy - NOAA Federal","Re: Followup to Today's Social Media/Public Inquiries",2,2019-09-02 08:10:00,"Monday","September 2, 2019 8:10 AM","September 2, 2019","8:10 AM",1567426200
"Chris Darden - NOAA Federal","Re: Followup to Today's Social Media/Public Inquiries",3,2019-09-02 20:50:00,"Monday","September 2, 2019 8:50 PM","September 2, 2019","8:50 PM",1567471800
"Julie Roberts - NOAA Federal","can you send me the latest talking points on Alabama",4,2019-09-03 14:02:00,"Tuesday","September 3, 2019 2:02 PM","September 3, 2019","2:02 PM",1567533720
"Chris Darden - NOAA Federal","Fwd: Media inquiry from Washington Examiner",5,2019-09-03 14:33:00,"Tuesday","September 3, 2019 2:33 PM","September 3, 2019","2:33 PM",1567535580
"Susan Buchanan - NOAA Federal","Re: Media inquiry from Washington Examiner",6,2019-09-03 15:18:00,"Tuesday","September 3, 2019 3:18 PM","September 3, 2019","3:18 PM",1567538280
"Susan Buchanan - NOAA Federal","Media Inquiry: POTUS Tweet",7,2019-09-03 15:20:00,"Tuesday","September 3, 2019 3:20 PM","September 3, 2019","3:20 PM",1567538400
"Chris Darden - NOAA Federal","Re: Media inquiry from Washington Examiner",8,2019-09-03 15:31:00,"Tuesday","September 3, 2019 3:31 PM","September 3, 2019","3:31 PM",1567539060
"Scott Smullen - NOAA Federal","Re: Media Inquiry: POTUS Tweet",9,2019-09-03 15:36:00,"Tuesday","September 3, 2019 3:36 PM","September 3, 2019","3:36 PM",1567539360
"Julie Roberts - NOAA Federal","RE: Media Inquiry: POTUS Tweet",10,2019-09-03 15:37:00,"Tuesday","September 3, 2019 3:37 PM","September 3, 2019","3:37 PM",1567539420
"Susan Buchanan - NOAA Federal","Re: Media Inquiry: POTUS Tweet",11,2019-09-03 15:59:00,"Tuesday","September 3, 2019 3:59 PM","September 3, 2019","3:59 PM",1567540740
"Julie Roberts - NOAA Federal","RE: Media Inquiry: POTUS Tweet",12,2019-09-03 16:27:00,"Tuesday","September 3, 2019 4:27 PM","September 3, 2019","4:27 PM",1567542420
"Susan Buchanan - NOAA Federal","Re: Media Inquiry: POTUS Tweet",13,2019-09-03 18:45:00,"Tuesday","September 3, 2019 6:45 PM","September 3, 2019","6:45 PM",1567550700
"Corey Pieper - NOAA Federal","Doctored chart.",14,2019-09-04 14:10:00,"Wednesday","September 4, 2019 2:10 PM","September 4, 2019","2:10 PM",1567620600
"Scott Smullen - NOAA Federal","Fwd: Urgent media request for Washington Post",15,2019-09-04 14:11:00,"Wednesday","September 4, 2019 2:11 PM","September 4, 2019","2:11 PM",1567620660
"Dennis Feltgen - NOAA Federal","Fwd: URGENT ABC NEWS Question",16,2019-09-04 14:11:00,"Wednesday","September 4, 2019 2:11 PM","September 4, 2019","2:11 PM",1567620660
"Christopher Vaccaro - NOAA Federal","Re: URGENT ABC NEWS Question",17,2019-09-04 14:15:00,"Wednesday","September 4, 2019 2:15 PM","September 4, 2019","2:15 PM",1567620900
"Dennis Feltgen - NOAA Federal","Re: URGENT ABC NEWS Question",18,2019-09-04 14:16:00,"Wednesday","September 4, 2019 2:16 PM","September 4, 2019","2:16 PM",1567620960
"Dennis Feltgen - NOAA Federal","Re: URGENT ABC NEWS Question",19,2019-09-04 14:22:00,"Wednesday","September 4, 2019 2:22 PM","September 4, 2019","2:22 PM",1567621320
"Christopher Vaccaro - NOAA Federal","Re: URGENT ABC NEWS Question",20,2019-09-04 14:23:00,"Wednesday","September 4, 2019 2:23 PM","September 4, 2019","2:23 PM",1567621380
"Christopher Vaccaro - NOAA Federal","Fwd: URGENT ABC NEWS Question",21,2019-09-04 14:26:00,"Wednesday","September 4, 2019 2:26 PM","September 4, 2019","2:26 PM",1567621560
"Michael Brennan - NOAA Federal"," ",22,2019-09-04 14:31:00,"Wednesday","September 4, 2019 2:31 PM","September 4, 2019","2:31 PM",1567621860
"Corey Pieper - NOAA Federal","Re: Doctored chart.",23,2019-09-04 14:32:00,"Wednesday","September 4, 2019 2:32 PM","September 4, 2019","2:32 PM",1567621920
"Dennis Feltgen - NOAA Federal","Re: URGENT ABC NEWS Question",24,2019-09-04 14:33:00,"Wednesday","September 4, 2019 2:33 PM","September 4, 2019","2:33 PM",1567621980
"George Jungbluth - NOAA Federal","WH Video w/ NHC Product over AL?",25,2019-09-04 14:36:00,"Wednesday","September 4, 2019 2:36 PM","September 4, 2019","2:36 PM",1567622160
"Althea Lee - NOAA Federal","A Telephone Message",26,2019-09-04 14:36:00,"Wednesday","September 4, 2019 2:36 PM","September 4, 2019","2:36 PM",1567622160
"Lauren Gaches - NOAA Federal","Fwd: WH Video w/ NHC Product over AL?",27,2019-09-04 14:37:00,"Wednesday","September 4, 2019 2:37 PM","September 4, 2019","2:37 PM",1567622220
"Susan Buchanan - NOAA Federal","Re: WH Video w/ NHC Product over AL?",28,2019-09-04 14:38:00,"Wednesday","September 4, 2019 2:38 PM","September 4, 2019","2:38 PM",1567622280
"Julie Roberts - NOAA Federal","graphics",29,2019-09-04 14:38:00,"Wednesday","September 4, 2019 2:38 PM","September 4, 2019","2:38 PM",1567622280
"Jasmine Blackwell - NOAA Federal","Re: WH Video w/ NHC Product over AL?",30,2019-09-04 14:39:00,"Wednesday","September 4, 2019 2:39 PM","September 4, 2019","2:39 PM",1567622340
"Corey Pieper - NOAA Federal","Re: Doctored chart.",31,2019-09-04 14:40:00,"Wednesday","September 4, 2019 2:40 PM","September 4, 2019","2:40 PM",1567622400
"'Julia Reinstein' via _NWS PA","BuzzFeed News inquiry",32,2019-09-04 14:41:00,"Wednesday","September 4, 2019 2:41 PM","September 4, 2019","2:41 PM",1567622460
"Susan Buchanan - NOAA Federal","Fwd: URGENT ABC NEWS Question",33,2019-09-04 14:41:00,"Wednesday","September 4, 2019 2:41 PM","September 4, 2019","2:41 PM",1567622460
"Susan Buchanan - NOAA Federal","Re: WH Video w/ NHC Product over AL?",34,2019-09-04 14:41:00,"Wednesday","September 4, 2019 2:41 PM","September 4, 2019","2:41 PM",1567622460
"Susan Buchanan - NOAA Federal","Fwd: BuzzFeed News inquiry",35,2019-09-04 14:43:00,"Wednesday","September 4, 2019 2:43 PM","September 4, 2019","2:43 PM",1567622580
"Julie Roberts - NOAA Federal","RE: WH Video w/ NHC Product over AL?",36,2019-09-04 14:43:00,"Wednesday","September 4, 2019 2:43 PM","September 4, 2019","2:43 PM",1567622580
"George Jungbluth - NOAA Federal","Re: WH Video w/ NHC Product over AL?",37,2019-09-04 14:44:00,"Wednesday","September 4, 2019 2:44 PM","September 4, 2019","2:44 PM",1567622640
"Julie Roberts - NOAA Federal","RE: WH Video w/ NHC Product over AL?",38,2019-09-04 14:45:00,"Wednesday","September 4, 2019 2:45 PM","September 4, 2019","2:45 PM",1567622700
"Susan Buchanan - NOAA Federal","Re: WH Video w/ NHC Product over AL?",39,2019-09-04 14:45:00,"Wednesday","September 4, 2019 2:45 PM","September 4, 2019","2:45 PM",1567622700
"Christopher Vaccaro - NOAA Federal","Re: URGENT ABC NEWS Question",40,2019-09-04 14:46:00,"Wednesday","September 4, 2019 2:46 PM","September 4, 2019","2:46 PM",1567622760
"George Jungbluth - NOAA Federal","Fwd: WH Video w/ NHC Product over AL?",41,2019-09-04 14:47:00,"Wednesday","September 4, 2019 2:47 PM","September 4, 2019","2:47 PM",1567622820
"NWS Communications Office - NOAA Service Account","Fwd: Request from NBC News",42,2019-09-04 14:52:00,"Wednesday","September 4, 2019 2:52 PM","September 4, 2019","2:52 PM",1567623120
"George Jungbluth - NOAA Federal","Re: URGENT ABC NEWS Question",43,2019-09-04 14:52:00,"Wednesday","September 4, 2019 2:52 PM","September 4, 2019","2:52 PM",1567623120
"George Jungbluth - NOAA Federal","Fwd: URGENT ABC NEWS Question",44,2019-09-04 14:53:00,"Wednesday","September 4, 2019 2:53 PM","September 4, 2019","2:53 PM",1567623180
"Susan Buchanan - NOAA Federal","Re: Request from NBC News",45,2019-09-04 14:55:00,"Wednesday","September 4, 2019 2:55 PM","September 4, 2019","2:55 PM",1567623300
"Susan Buchanan - NOAA Federal","Fwd: Request from NBC News",46,2019-09-04 14:56:00,"Wednesday","September 4, 2019 2:56 PM","September 4, 2019","2:56 PM",1567623360
"NWS PCO - NOAA Service Account","Re: WH Video w/ NHC Product over AL?",47,2019-09-04 14:57:00,"Wednesday","September 4, 2019 2:57 PM","September 4, 2019","2:57 PM",1567623420
"Althea Lee - NOAA Federal","A Telephone Message",48,2019-09-04 14:57:00,"Wednesday","September 4, 2019 2:57 PM","September 4, 2019","2:57 PM",1567623420
"Susan Buchanan - NOAA Federal","Re: WH Video w/ NHC Product over AL?",49,2019-09-04 14:58:00,"Wednesday","September 4, 2019 2:58 PM","September 4, 2019","2:58 PM",1567623480
"Mary Erickson - NOAA Federal","Re: WH Video w/ NHC Product over AL?",50,2019-09-04 15:04:00,"Wednesday","September 4, 2019 3:04 PM","September 4, 2019","3:04 PM",1567623840
"George Jungbluth - NOAA Federal","Re: WH Video w/ NHC Product over AL?",51,2019-09-04 15:05:00,"Wednesday","September 4, 2019 3:05 PM","September 4, 2019","3:05 PM",1567623900
"Dennis Feltgen - NOAA Federal","Fwd: Dorian internal forecast?",52,2019-09-04 15:06:00,"Wednesday","September 4, 2019 3:06 PM","September 4, 2019","3:06 PM",1567623960
"Dennis Feltgen - NOAA Federal","Fwd: Daily Beast reporter, Dorian map",53,2019-09-04 15:07:00,"Wednesday","September 4, 2019 3:07 PM","September 4, 2019","3:07 PM",1567624020
"Christopher Vaccaro - NOAA Federal","DRAFT Response",54,2019-09-04 15:07:00,"Wednesday","September 4, 2019 3:07 PM","September 4, 2019","3:07 PM",1567624020
"Dennis Feltgen - NOAA Service Account","Fwd: Dorian Map",55,2019-09-04 15:08:00,"Wednesday","September 4, 2019 3:08 PM","September 4, 2019","3:08 PM",1567624080
"Scott Smullen - NOAA Federal","Re: DRAFT Response",56,2019-09-04 15:08:00,"Wednesday","September 4, 2019 3:08 PM","September 4, 2019","3:08 PM",1567624080
"Dennis Feltgen - NOAA Service Account","Fwd: President Trump's forecast map",57,2019-09-04 15:09:00,"Wednesday","September 4, 2019 3:09 PM","September 4, 2019","3:09 PM",1567624140
"Dennis Feltgen - NOAA Service Account","Fwd: media inquiry -- Dorian internal forecast",58,2019-09-04 15:10:00,"Wednesday","September 4, 2019 3:10 PM","September 4, 2019","3:10 PM",1567624200
"Dennis Feltgen - NOAA Service Account","Fwd: Los Angeles Times question",59,2019-09-04 15:10:00,"Wednesday","September 4, 2019 3:10 PM","September 4, 2019","3:10 PM",1567624200
"Julie Roberts - NOAA Federal","RE: DRAFT Response",60,2019-09-04 15:10:00,"Wednesday","September 4, 2019 3:10 PM","September 4, 2019","3:10 PM",1567624200
"Julie Roberts - NOAA Federal"," ",61,2019-09-04 15:11:00,"Wednesday","September 4, 2019 3:11 PM","September 4, 2019","3:11 PM",1567624260
"Mary Erickson - NOAA Federal","Re: URGENT ABC NEWS Question",62,2019-09-04 15:16:00,"Wednesday","September 4, 2019 3:16 PM","September 4, 2019","3:16 PM",1567624560
"Chris Franks - NOAA Federal","Re: Doctored chart.",63,2019-09-04 15:21:00,"Wednesday","September 4, 2019 3:21 PM","September 4, 2019","3:21 PM",1567624860
"Jerry Slaff - NOAA Federal","Tweet shows POTUS altering NHC map",64,2019-09-04 15:21:00,"Wednesday","September 4, 2019 3:21 PM","September 4, 2019","3:21 PM",1567624860
"Scott Smullen - NOAA Federal","Re: draft statement on graphic",65,2019-09-04 15:21:00,"Wednesday","September 4, 2019 3:21 PM","September 4, 2019","3:21 PM",1567624860
"Neil Jacobs - NOAA Federal","Re: draft statement on graphic",66,2019-09-04 15:32:00,"Wednesday","September 4, 2019 3:32 PM","September 4, 2019","3:32 PM",1567625520
"Dennis Feltgen - NOAA Service Account","Fwd: President Trump's forecast map",67,2019-09-04 15:34:00,"Wednesday","September 4, 2019 3:34 PM","September 4, 2019","3:34 PM",1567625640
"Scott Smullen - NOAA Federal","Fwd: Los Angeles Times question",68,2019-09-04 15:35:00,"Wednesday","September 4, 2019 3:35 PM","September 4, 2019","3:35 PM",1567625700
"Christopher Vaccaro - NOAA Federal","Collection of inquiries",69,2019-09-04 15:41:00,"Wednesday","September 4, 2019 3:41 PM","September 4, 2019","3:41 PM",1567626060
"Chris Darden - NOAA Federal","Media Inquiries - Dorian",70,2019-09-04 15:46:00,"Wednesday","September 4, 2019 3:46 PM","September 4, 2019","3:46 PM",1567626360
"Christopher Vaccaro - NOAA Federal","Re: draft statement on graphic",71,2019-09-04 15:47:00,"Wednesday","September 4, 2019 3:47 PM","September 4, 2019","3:47 PM",1567626420
"Christopher Vaccaro - NOAA Federal","CWG: President Trump shows doctored hurricane chart. Was it to cover up for ‘Alabama’ Twitter flub?",72,2019-09-04 15:49:00,"Wednesday","September 4, 2019 3:49 PM","September 4, 2019","3:49 PM",1567626540
"Dennis Feltgen - NOAA Service Account","Fwd: Media inquiry from Washington Examiner",73,2019-09-04 15:51:00,"Wednesday","September 4, 2019 3:51 PM","September 4, 2019","3:51 PM",1567626660
"Julie Roberts - NOAA Federal","FW: Remarks by President Trump in Briefing on Hurricane Dorian",74,2019-09-04 15:52:00,"Wednesday","September 4, 2019 3:52 PM","September 4, 2019","3:52 PM",1567626720
"Susan Buchanan - NOAA Federal","CWG on sharpie cone extension",75,2019-09-04 15:57:00,"Wednesday","September 4, 2019 3:57 PM","September 4, 2019","3:57 PM",1567627020
"Christopher Vaccaro - NOAA Federal","Fwd: WH Video w/ NHC Product over AL?",76,2019-09-04 15:58:00,"Wednesday","September 4, 2019 3:58 PM","September 4, 2019","3:58 PM",1567627080
"Christopher Vaccaro - NOAA Federal","Fwd: CNN",77,2019-09-04 16:01:00,"Wednesday","September 4, 2019 4:01 PM","September 4, 2019","4:01 PM",1567627260
"Althea Lee - NOAA Federal","The following telephone messages...",78,2019-09-04 16:04:00,"Wednesday","September 4, 2019 4:04 PM","September 4, 2019","4:04 PM",1567627440
"Christopher Vaccaro - NOAA Federal","Re: The following telephone messages...",79,2019-09-04 16:05:00,"Wednesday","September 4, 2019 4:05 PM","September 4, 2019","4:05 PM",1567627500
"Julie Roberts - NOAA Federal","FW: NOAA Statement",80,2019-09-04 16:08:00,"Wednesday","September 4, 2019 4:08 PM","September 4, 2019","4:08 PM",1567627680
"NWS Communications Office - NOAA Service Account","Fwd: FW: Associated Press Time Sensitive Inquiry",81,2019-09-04 16:09:00,"Wednesday","September 4, 2019 4:09 PM","September 4, 2019","4:09 PM",1567627740
"NWS Communications Office - NOAA Service Account","Fwd: Question on Dorian map used by the president in a briefing today",82,2019-09-04 16:10:00,"Wednesday","September 4, 2019 4:10 PM","September 4, 2019","4:10 PM",1567627800
"Susan Buchanan - NOAA Federal","Re: FW: Associated Press Time Sensitive Inquiry",83,2019-09-04 16:14:00,"Wednesday","September 4, 2019 4:14 PM","September 4, 2019","4:14 PM",1567628040
"Althea Lee - NOAA Federal","Re: The following telephone messages...Pt2",84,2019-09-04 16:23:00,"Wednesday","September 4, 2019 4:23 PM","September 4, 2019","4:23 PM",1567628580
"Julie Roberts - NOAA Federal","Re: The following telephone messages...Pt2",85,2019-09-04 16:24:00,"Wednesday","September 4, 2019 4:24 PM","September 4, 2019","4:24 PM",1567628640
"Althea Lee - NOAA Federal","Re: The following telephone messages...Pt2",86,2019-09-04 16:25:00,"Wednesday","September 4, 2019 4:25 PM","September 4, 2019","4:25 PM",1567628700
"Katherine Brogan - NOAA Federal","Alabama reporters",87,2019-09-04 16:27:00,"Wednesday","September 4, 2019 4:27 PM","September 4, 2019","4:27 PM",1567628820
"George Jungbluth - NOAA Federal","Fwd: WH Video w/ NHC Product over AL?",88,2019-09-04 16:51:00,"Wednesday","September 4, 2019 4:51 PM","September 4, 2019","4:51 PM",1567630260
"Robert Nadeau - NOAA Federal","Re: Please do not respond to inquiry on this. Forward the reporter's email ...",89,2019-09-04 17:09:00,"Wednesday","September 4, 2019 5:09 PM","September 4, 2019","5:09 PM",1567631340
"Julie Roberts - NOAA Federal","RE: Please do not respond to inquiry on this. Forward the reporter's email ...",90,2019-09-04 17:16:00,"Wednesday","September 4, 2019 5:16 PM","September 4, 2019","5:16 PM",1567631760
"Julie Roberts - NOAA Federal","RE: Reminder of my two doc appts tomorrow",91,2019-09-04 17:24:00,"Wednesday","September 4, 2019 5:24 PM","September 4, 2019","5:24 PM",1567632240
"NWS Communications Office - NOAA Service Account","Fwd: CBS News Inquiry",92,2019-09-04 17:59:00,"Wednesday","September 4, 2019 5:59 PM","September 4, 2019","5:59 PM",1567634340
"NWS Communications Office - NOAA Service Account","Fwd: Question on Dorian map used by the president in a briefing today",93,2019-09-04 17:59:00,"Wednesday","September 4, 2019 5:59 PM","September 4, 2019","5:59 PM",1567634340
"NWS Communications Office - NOAA Service Account","Fwd: Regarding Alabama and Hurricane Dorian",94,2019-09-04 18:00:00,"Wednesday","September 4, 2019 6:00 PM","September 4, 2019","6:00 PM",1567634400
"Susan Buchanan - NOAA Federal","Re: CBS News Inquiry",95,2019-09-04 18:00:00,"Wednesday","September 4, 2019 6:00 PM","September 4, 2019","6:00 PM",1567634400
"Lauren Gaches - NOAA Federal","CBS News Inquiry",96,2019-09-04 18:00:00,"Wednesday","September 4, 2019 6:00 PM","September 4, 2019","6:00 PM",1567634400
"Susan Buchanan - NOAA Federal","Fwd: CBS News Inquiry",97,2019-09-04 18:00:00,"Wednesday","September 4, 2019 6:00 PM","September 4, 2019","6:00 PM",1567634400
"Lauren Gaches - NOAA Federal","Fwd: Regarding Alabama and Hurricane Dorian",98,2019-09-04 18:01:00,"Wednesday","September 4, 2019 6:01 PM","September 4, 2019","6:01 PM",1567634460
"Susan Buchanan - NOAA Federal","Fwd: Regarding Alabama and Hurricane Dorian",99,2019-09-04 18:01:00,"Wednesday","September 4, 2019 6:01 PM","September 4, 2019","6:01 PM",1567634460
"Susan Buchanan - NOAA Federal","Fwd: Question on Dorian map used by the president in a briefing today",100,2019-09-04 18:01:00,"Wednesday","September 4, 2019 6:01 PM","September 4, 2019","6:01 PM",1567634460
"Jasmine Blackwell - NOAA Federal","Fwd: Question on Dorian map used by the president in a briefing today",101,2019-09-04 18:05:00,"Wednesday","September 4, 2019 6:05 PM","September 4, 2019","6:05 PM",1567634700
"Christopher Vaccaro - NOAA Federal","Fwd: Please do not respond to inquiry on this. Forward the reporter's email ...",102,2019-09-04 18:13:00,"Wednesday","September 4, 2019 6:13 PM","September 4, 2019","6:13 PM",1567635180
"Erica Rule - NOAA Federal","Re: Please do not respond to inquiry on this. Forward the reporter's email ...",103,2019-09-04 18:18:00,"Wednesday","September 4, 2019 6:18 PM","September 4, 2019","6:18 PM",1567635480
"Christopher Vaccaro - NOAA Federal","Re: Ken’s on-air tomorrow?",104,2019-09-04 19:06:00,"Wednesday","September 4, 2019 7:06 PM","September 4, 2019","7:06 PM",1567638360
"Christopher Vaccaro - NOAA Federal","Another Tweet",105,2019-09-04 19:19:00,"Wednesday","September 4, 2019 7:19 PM","September 4, 2019","7:19 PM",1567639140
"Dennis Feltgen - NOAA Service Account","Fwd: Concerning President Trump's Dorian Statement",106,2019-09-04 21:09:00,"Wednesday","September 4, 2019 9:09 PM","September 4, 2019","9:09 PM",1567645740
"makeda.okolo@noaa.gov","Have you all seen this?!",107,2019-09-05 07:13:00,"Thursday","September 5, 2019 7:13 AM","September 5, 2019","7:13 AM",1567681980
"Benjamin Friedman - NOAA Federal","Re: Have you all seen this?!",108,2019-09-05 08:01:00,"Thursday","September 5, 2019 8:01 AM","September 5, 2019","8:01 AM",1567684860
"Joel Cline - NOAA Federal","Fwd: LiveScience/Trump's doctored hurricane map",109,2019-09-05 08:55:00,"Thursday","September 5, 2019 8:55 AM","September 5, 2019","8:55 AM",1567688100
"David Miller","Social media reaction",110,2019-09-05 09:22:00,"Thursday","September 5, 2019 9:22 AM","September 5, 2019","9:22 AM",1567689720
"Dennis Feltgen - NOAA Service Account","Fwd: Hurricane Dorian",111,2019-09-05 10:15:00,"Thursday","September 5, 2019 10:15 AM","September 5, 2019","10:15 AM",1567692900
"Kristin Brown - NOAA Federal","Re: Please do not respond to inquiry on this. Forward the reporter's email ...",112,2019-09-05 10:51:00,"Thursday","September 5, 2019 10:51 AM","September 5, 2019","10:51 AM",1567695060
"Louis Uccellini - NOAA Federal","Fwd: Forecast uncertainty in TC Dorian's turn to the north",113,2019-09-05 12:14:00,"Thursday","September 5, 2019 12:14 PM","September 5, 2019","12:14 PM",1567700040
"Craig McLean - NOAA Federal","Out of Office Re: Fwd: Forecast uncertainty in TC Dorian's turn to the north",114,2019-09-05 12:14:00,"Thursday","September 5, 2019 12:14 PM","September 5, 2019","12:14 PM",1567700040
"Louis Uccellini - NOAA Federal","Fwd: Forecast uncertainty in TC Dorian's turn to the north",115,2019-09-05 12:14:00,"Thursday","September 5, 2019 12:14 PM","September 5, 2019","12:14 PM",1567700040
"John Jones-Bateman - NOAA Federal","The Washington Post: Trump roasted for altered Hurricane Dorian map",116,2019-09-05 12:29:00,"Thursday","September 5, 2019 12:29 PM","September 5, 2019","12:29 PM",1567700940
"Chris Darden - NOAA Federal","Fwd: Followup to Today's Social Media/Public Inquiries",117,2019-09-05 12:32:00,"Thursday","September 5, 2019 12:32 PM","September 5, 2019","12:32 PM",1567701120
"Chris Darden - NOAA Federal","Fwd: Followup to Today's Social Media/Public Inquiries",118,2019-09-05 12:32:00,"Thursday","September 5, 2019 12:32 PM","September 5, 2019","12:32 PM",1567701120
"John Leslie - NOAA Federal","Re: The Washington Post: Trump roasted for altered Hurricane Dorian map",119,2019-09-05 12:47:00,"Thursday","September 5, 2019 12:47 PM","September 5, 2019","12:47 PM",1567702020
"Christopher Vaccaro - NOAA Federal","Re: Followup to Today's Social Media/Public Inquiries",120,2019-09-05 12:51:00,"Thursday","September 5, 2019 12:51 PM","September 5, 2019","12:51 PM",1567702260
"Christopher Vaccaro - NOAA Federal","Re: Followup to Today's Social Media/Public Inquiries",121,2019-09-05 12:51:00,"Thursday","September 5, 2019 12:51 PM","September 5, 2019","12:51 PM",1567702260
"Chris Darden - NOAA Federal","Re: Followup to Today's Social Media/Public Inquiries",122,2019-09-05 12:55:00,"Thursday","September 5, 2019 12:55 PM","September 5, 2019","12:55 PM",1567702500
"Chris Darden - NOAA Federal","Re: Followup to Today's Social Media/Public Inquiries",123,2019-09-05 12:55:00,"Thursday","September 5, 2019 12:55 PM","September 5, 2019","12:55 PM",1567702500
"Christopher Vaccaro - NOAA Federal","Re: Followup to Today's Social Media/Public Inquiries",124,2019-09-05 12:58:00,"Thursday","September 5, 2019 12:58 PM","September 5, 2019","12:58 PM",1567702680
"Christopher Vaccaro - NOAA Federal","Re: Followup to Today's Social Media/Public Inquiries",125,2019-09-05 12:58:00,"Thursday","September 5, 2019 12:58 PM","September 5, 2019","12:58 PM",1567702680
"Chris Darden - NOAA Federal","Re: Followup to Today's Social Media/Public Inquiries",126,2019-09-05 13:01:00,"Thursday","September 5, 2019 1:01 PM","September 5, 2019","1:01 PM",1567702860
"Chris Darden - NOAA Federal","Re: Followup to Today's Social Media/Public Inquiries",127,2019-09-05 13:01:00,"Thursday","September 5, 2019 1:01 PM","September 5, 2019","1:01 PM",1567702860
"Louis Uccellini","Fwd: Invitation to this Sunday's ""Reliable Sources"" on CNN",128,2019-09-05 15:16:00,"Thursday","September 5, 2019 3:16 PM","September 5, 2019","3:16 PM",1567710960
"Maureen O'Leary - NOAA Federal","Re: Invitation to this Sunday's ""Reliable Sources"" on CNN",129,2019-09-05 15:22:00,"Thursday","September 5, 2019 3:22 PM","September 5, 2019","3:22 PM",1567711320
"Maureen O'Leary - NOAA Federal","Fwd: Invitation to this Sunday's ""Reliable Sources"" on CNN",130,2019-09-05 15:24:00,"Thursday","September 5, 2019 3:24 PM","September 5, 2019","3:24 PM",1567711440
"Christopher Vaccaro - NOAA Federal","Re: Invitation to this Sunday's ""Reliable Sources"" on CNN",131,2019-09-05 15:28:00,"Thursday","September 5, 2019 3:28 PM","September 5, 2019","3:28 PM",1567711680
"Christopher Vaccaro - NOAA Federal","Fwd: Invitation to this Sunday's ""Reliable Sources"" on CNN",132,2019-09-05 15:29:00,"Thursday","September 5, 2019 3:29 PM","September 5, 2019","3:29 PM",1567711740
"Dennis Feltgen - NOAA Federal","Fwd: Invitation to this Sunday's ""Reliable Sources"" on CNN",133,2019-09-05 15:30:00,"Thursday","September 5, 2019 3:30 PM","September 5, 2019","3:30 PM",1567711800
"Christopher Vaccaro - NOAA Federal","Fwd: Invitation to this Sunday's ""Reliable Sources"" on CNN",134,2019-09-05 15:45:00,"Thursday","September 5, 2019 3:45 PM","September 5, 2019","3:45 PM",1567712700
"Christopher Vaccaro - NOAA Federal","Re: Followup to Today's Social Media/Public Inquiries",135,2019-09-05 16:27:00,"Thursday","September 5, 2019 4:27 PM","September 5, 2019","4:27 PM",1567715220
"Christopher Vaccaro - NOAA Federal","Re: Followup to Today's Social Media/Public Inquiries",136,2019-09-05 16:27:00,"Thursday","September 5, 2019 4:27 PM","September 5, 2019","4:27 PM",1567715220
"Julie Roberts - NOAA Federal","FW: New Tweet... w/ NHC products from last Thursday/Friday",137,2019-09-05 16:34:00,"Thursday","September 5, 2019 4:34 PM","September 5, 2019","4:34 PM",1567715640
"Neil Jacobs - NOAA Federal","Fwd:",138,2019-09-05 16:39:00,"Thursday","September 5, 2019 4:39 PM","September 5, 2019","4:39 PM",1567715940
"Julie Roberts - NOAA Federal","RE: New Tweet... w/ NHC products from last Thursday/Friday",139,2019-09-05 16:42:00,"Thursday","September 5, 2019 4:42 PM","September 5, 2019","4:42 PM",1567716120
"Christopher Vaccaro - NOAA Federal","Statement",140,2019-09-05 17:00:00,"Thursday","September 5, 2019 5:00 PM","September 5, 2019","5:00 PM",1567717200
"Chris Darden - NOAA Federal","Re: Followup to Today's Social Media/Public Inquiries",141,2019-09-05 17:25:00,"Thursday","September 5, 2019 5:25 PM","September 5, 2019","5:25 PM",1567718700
"Chris Darden - NOAA Federal","Re: Followup to Today's Social Media/Public Inquiries",142,2019-09-05 17:25:00,"Thursday","September 5, 2019 5:25 PM","September 5, 2019","5:25 PM",1567718700
"Christopher Vaccaro - NOAA Federal","Do we need to ask NWS...",143,2019-09-05 17:29:00,"Thursday","September 5, 2019 5:29 PM","September 5, 2019","5:29 PM",1567718940
"Julie Roberts - NOAA Federal","RE: Do we need to ask NWS...",144,2019-09-05 17:31:00,"Thursday","September 5, 2019 5:31 PM","September 5, 2019","5:31 PM",1567719060
"Scott Smullen - NOAA Federal","Re: Do we need to ask NWS...",145,2019-09-05 17:33:00,"Thursday","September 5, 2019 5:33 PM","September 5, 2019","5:33 PM",1567719180
"Julie Roberts - NOAA Federal","RE: Statement",146,2019-09-05 17:40:00,"Thursday","September 5, 2019 5:40 PM","September 5, 2019","5:40 PM",1567719600
"Chris Darden - NOAA Federal","Re: Followup to Today's Social Media/Public Inquiries",147,2019-09-05 17:45:00,"Thursday","September 5, 2019 5:45 PM","September 5, 2019","5:45 PM",1567719900
"Julie Roberts - NOAA Federal","FW: In town pool #5: Statement on Alabama, Dorian",148,2019-09-05 17:51:00,"Thursday","September 5, 2019 5:51 PM","September 5, 2019","5:51 PM",1567720260
"Julie Roberts - NOAA Federal","Homeland Security Advisory Statement on Alabama, Dorian",149,2019-09-05 17:53:00,"Thursday","September 5, 2019 5:53 PM","September 5, 2019","5:53 PM",1567720380
"Christopher Vaccaro - NOAA Federal","Fwd: Homeland Security Advisory Statement on Alabama, Dorian",150,2019-09-05 17:56:00,"Thursday","September 5, 2019 5:56 PM","September 5, 2019","5:56 PM",1567720560
"Dennis Feltgen - NOAA Service Account","Fwd: request/TV Globo/deadline 6.30pm",151,2019-09-05 18:48:00,"Thursday","September 5, 2019 6:48 PM","September 5, 2019","6:48 PM",1567723680
"Katherine Brogan - NOAA Federal","Re: Neil's Friday Schedule",152,2019-09-05 18:53:00,"Thursday","September 5, 2019 6:53 PM","September 5, 2019","6:53 PM",1567723980
"Christopher Vaccaro - NOAA Federal","Re: request/TV Globo/deadline 6.30pm",153,2019-09-05 19:05:00,"Thursday","September 5, 2019 7:05 PM","September 5, 2019","7:05 PM",1567724700
"George Jungbluth - NOAA Federal","Re: Message From NWS Leadership On Recent WH Tweet; Send Any Questions to NOAA Public Affairs",154,2019-09-05 19:48:00,"Thursday","September 5, 2019 7:48 PM","September 5, 2019","7:48 PM",1567727280
"Christopher Vaccaro - NOAA Federal","Latest WaPo story",155,2019-09-05 22:11:00,"Thursday","September 5, 2019 10:11 PM","September 5, 2019","10:11 PM",1567735860
"sr-mob.webmaster@noaa.gov","EM Draft: BHMHWOMOB Fri Sep 6 09:19:02 GMT 2019",156,2019-09-06 05:19:00,"Friday","September 6, 2019 5:19 AM","September 6, 2019","5:19 AM",1567761540
"David Miller","Social media reaction - Friday",157,2019-09-06 07:24:00,"Friday","September 6, 2019 7:24 AM","September 6, 2019","7:24 AM",1567769040
"Julie Roberts - NOAA Federal","Dr. Jacobs unable to make 9:15 call",158,2019-09-06 09:05:00,"Friday","September 6, 2019 9:05 AM","September 6, 2019","9:05 AM",1567775100
"Christopher Vaccaro - NOAA Federal","Re: Followup to Today's Social Media/Public Inquiries",159,2019-09-06 10:01:00,"Friday","September 6, 2019 10:01 AM","September 6, 2019","10:01 AM",1567778460
"Chris Darden - NOAA Federal","Re: Followup to Today's Social Media/Public Inquiries",160,2019-09-06 10:14:00,"Friday","September 6, 2019 10:14 AM","September 6, 2019","10:14 AM",1567779240
"Chris Darden - NOAA Federal","Re: Followup to Today's Social Media/Public Inquiries",161,2019-09-06 10:14:00,"Friday","September 6, 2019 10:14 AM","September 6, 2019","10:14 AM",1567779240
"Christopher Vaccaro - NOAA Federal","Fwd: Followup to Today's Social Media/Public Inquiries",162,2019-09-06 10:18:00,"Friday","September 6, 2019 10:18 AM","September 6, 2019","10:18 AM",1567779480
"Christopher Vaccaro - NOAA Federal","Re: Followup to Today's Social Media/Public Inquiries",163,2019-09-06 10:20:00,"Friday","September 6, 2019 10:20 AM","September 6, 2019","10:20 AM",1567779600
"Chris Darden - NOAA Federal","Re: Followup to Today's Social Media/Public Inquiries",164,2019-09-06 10:35:00,"Friday","September 6, 2019 10:35 AM","September 6, 2019","10:35 AM",1567780500
"Christopher Vaccaro - NOAA Federal","Re: Followup to Today's Social Media/Public Inquiries",165,2019-09-06 10:38:00,"Friday","September 6, 2019 10:38 AM","September 6, 2019","10:38 AM",1567780680
"Christopher Vaccaro - NOAA Federal","Fwd: Followup to Today's Social Media/Public Inquiries",166,2019-09-06 10:39:00,"Friday","September 6, 2019 10:39 AM","September 6, 2019","10:39 AM",1567780740
"Christopher Vaccaro - NOAA Federal","Update to earlier texts: I got what I needed from WFO Birmingham.",167,2019-09-06 10:41:00,"Friday","September 6, 2019 10:41 AM","September 6, 2019","10:41 AM",1567780860
"Chris Darden - NOAA Federal","Re: Followup to Today's Social Media/Public Inquiries",168,2019-09-06 10:41:00,"Friday","September 6, 2019 10:41 AM","September 6, 2019","10:41 AM",1567780860
"Christopher Vaccaro - NOAA Federal","Re: Followup to Today's Social Media/Public Inquiries",169,2019-09-06 10:44:00,"Friday","September 6, 2019 10:44 AM","September 6, 2019","10:44 AM",1567781040
"Chris Darden - NOAA Federal","Re: Followup to Today's Social Media/Public Inquiries",170,2019-09-06 10:46:00,"Friday","September 6, 2019 10:46 AM","September 6, 2019","10:46 AM",1567781160
"Christopher Vaccaro - NOAA Federal","Re: Followup to Today's Social Media/Public Inquiries",171,2019-09-06 10:52:00,"Friday","September 6, 2019 10:52 AM","September 6, 2019","10:52 AM",1567781520
"Susan Buchanan - NOAA Federal","Re: Update to earlier texts: I got what I needed from WFO Birmingham.",172,2019-09-06 11:26:00,"Friday","September 6, 2019 11:26 AM","September 6, 2019","11:26 AM",1567783560
"Christopher Vaccaro - NOAA Federal","Re: Update to earlier texts: I got what I needed from WFO Birmingham.",173,2019-09-06 11:28:00,"Friday","September 6, 2019 11:28 AM","September 6, 2019","11:28 AM",1567783680
"Susan Buchanan - NOAA Federal","Re: Update to earlier texts: I got what I needed from WFO Birmingham.",174,2019-09-06 11:30:00,"Friday","September 6, 2019 11:30 AM","September 6, 2019","11:30 AM",1567783800
"Christopher Vaccaro - NOAA Federal","Sobien comment",175,2019-09-06 12:38:00,"Friday","September 6, 2019 12:38 PM","September 6, 2019","12:38 PM",1567787880
"Christopher Vaccaro - NOAA Federal","CNN: Anatomy of a fiasco: A detailed timeline of Trump's Alabama map meltdown",176,2019-09-06 14:00:00,"Friday","September 6, 2019 2:00 PM","September 6, 2019","2:00 PM",1567792800
"Christopher Vaccaro - NOAA Federal","CNN: Anatomy of a fiasco: A detailed timeline of Trump's Alabama map meltdown",177,2019-09-06 14:02:00,"Friday","September 6, 2019 2:02 PM","September 6, 2019","2:02 PM",1567792920
"Christopher Vaccaro - NOAA Federal","Re: Wall Street Journal inquiry",178,2019-09-06 14:18:00,"Friday","September 6, 2019 2:18 PM","September 6, 2019","2:18 PM",1567793880
"Christopher Vaccaro - NOAA Federal","Re: Wall Street Journal inquiry",179,2019-09-06 14:18:00,"Friday","September 6, 2019 2:18 PM","September 6, 2019","2:18 PM",1567793880
"Jennifer Sprague - NOAA Federal","Re: Wall Street Journal inquiry",180,2019-09-06 14:20:00,"Friday","September 6, 2019 2:20 PM","September 6, 2019","2:20 PM",1567794000
"Christopher Vaccaro - NOAA Federal","WaPo: Well, that’s that: The Alabama-hurricane incident has swept to the center of Trump’s politics",181,2019-09-06 15:27:00,"Friday","September 6, 2019 3:27 PM","September 6, 2019","3:27 PM",1567798020
"Julie Roberts - NOAA Federal"," ",182,2019-09-06 15:51:00,"Friday","September 6, 2019 3:51 PM","September 6, 2019","3:51 PM",1567799460
"Christopher Vaccaro - NOAA Federal","Per earlier call...",183,2019-09-06 15:59:00,"Friday","September 6, 2019 3:59 PM","September 6, 2019","3:59 PM",1567799940
"Jerry Slaff - NOAA Federal","Re: Per earlier call...",184,2019-09-06 16:02:00,"Friday","September 6, 2019 4:02 PM","September 6, 2019","4:02 PM",1567800120
"Christopher Vaccaro - NOAA Federal","Updated media guidance",185,2019-09-06 16:21:00,"Friday","September 6, 2019 4:21 PM","September 6, 2019","4:21 PM",1567801260
"Christopher Vaccaro - NOAA Federal","Fwd: Updated media guidance",186,2019-09-06 16:23:00,"Friday","September 6, 2019 4:23 PM","September 6, 2019","4:23 PM",1567801380
"Christopher Vaccaro - NOAA Federal","Fwd: Statement from NOAA",187,2019-09-06 16:35:00,"Friday","September 6, 2019 4:35 PM","September 6, 2019","4:35 PM",1567802100
"Christopher Vaccaro - NOAA Federal","Re: Per earlier call...",188,2019-09-06 16:38:00,"Friday","September 6, 2019 4:38 PM","September 6, 2019","4:38 PM",1567802280
"John De Block - NOAA Federal","Re: Fwd: Updated media guidance",189,2019-09-06 16:41:00,"Friday","September 6, 2019 4:41 PM","September 6, 2019","4:41 PM",1567802460
"Christopher Vaccaro - NOAA Federal","Media guidance on Statement from NOAA",190,2019-09-06 16:52:00,"Friday","September 6, 2019 4:52 PM","September 6, 2019","4:52 PM",1567803120
"Christopher Vaccaro - NOAA Federal","Fwd: Statement from NOAA",191,2019-09-06 16:53:00,"Friday","September 6, 2019 4:53 PM","September 6, 2019","4:53 PM",1567803180
"Christopher Vaccaro - NOAA Federal","Re: Draft CMS statement",192,2019-09-06 17:03:00,"Friday","September 6, 2019 5:03 PM","September 6, 2019","5:03 PM",1567803780
"Susan Buchanan - NOAA Federal","Fwd: Media guidance on Statement from NOAA",193,2019-09-06 17:06:00,"Friday","September 6, 2019 5:06 PM","September 6, 2019","5:06 PM",1567803960
"Maureen O'Leary - NOAA Federal","Fwd: Media guidance on Statement from NOAA",194,2019-09-06 17:06:00,"Friday","September 6, 2019 5:06 PM","September 6, 2019","5:06 PM",1567803960
"Tanya Dobrzynski - NOAA Federal","Fwd: Senator Blumenthal - Letter to NOAA re: Hurricane Dorian Forecast",195,2019-09-06 17:06:00,"Friday","September 6, 2019 5:06 PM","September 6, 2019","5:06 PM",1567803960
"Julie Roberts - NOAA Federal","Fwd: Statement from NOAA",196,2019-09-06 17:07:00,"Friday","September 6, 2019 5:07 PM","September 6, 2019","5:07 PM",1567804020
"David Miller","Re: Draft CMS statement",197,2019-09-06 17:09:00,"Friday","September 6, 2019 5:09 PM","September 6, 2019","5:09 PM",1567804140
"Christopher Vaccaro - NOAA Federal","Re: Draft CMS statement",198,2019-09-06 17:11:00,"Friday","September 6, 2019 5:11 PM","September 6, 2019","5:11 PM",1567804260
"George Jungbluth - NOAA Federal","Fwd: Media guidance on Statement from NOAA",199,2019-09-06 17:13:00,"Friday","September 6, 2019 5:13 PM","September 6, 2019","5:13 PM",1567804380
"Matthew Borgia - NOAA Federal","For Control: Letter to DNJ from Senator Blumenthal re: Hurricane Dorian Forecast",200,2019-09-06 17:14:00,"Friday","September 6, 2019 5:14 PM","September 6, 2019","5:14 PM",1567804440
"George Jungbluth - NOAA Federal","Fwd: Media guidance on Statement from NOAA",201,2019-09-06 17:17:00,"Friday","September 6, 2019 5:17 PM","September 6, 2019","5:17 PM",1567804620
"Julie Roberts - NOAA Federal","Re: Draft CMS statement",202,2019-09-06 17:19:00,"Friday","September 6, 2019 5:19 PM","September 6, 2019","5:19 PM",1567804740
"David Miller","Re: Draft CMS statement",203,2019-09-06 17:20:00,"Friday","September 6, 2019 5:20 PM","September 6, 2019","5:20 PM",1567804800
"David Miller","Re: Draft CMS statement",204,2019-09-06 17:22:00,"Friday","September 6, 2019 5:22 PM","September 6, 2019","5:22 PM",1567804920
"Stuart Levenbach - NOAA Federal","Update: Dorian",205,2019-09-06 17:25:00,"Friday","September 6, 2019 5:25 PM","September 6, 2019","5:25 PM",1567805100
"Julie Roberts - NOAA Federal","Re: Draft CMS statement",206,2019-09-06 17:31:00,"Friday","September 6, 2019 5:31 PM","September 6, 2019","5:31 PM",1567805460
"David Miller","Re: Draft CMS statement",207,2019-09-06 17:33:00,"Friday","September 6, 2019 5:33 PM","September 6, 2019","5:33 PM",1567805580
"Julie Roberts - NOAA Federal","Re: Draft CMS statement",208,2019-09-06 17:34:00,"Friday","September 6, 2019 5:34 PM","September 6, 2019","5:34 PM",1567805640
"Julie Roberts - NOAA Federal","Fwd: Statement from NOAA",209,2019-09-06 17:36:00,"Friday","September 6, 2019 5:36 PM","September 6, 2019","5:36 PM",1567805760
"Julie Roberts - NOAA Federal","Statement from NOAA",210,2019-09-06 17:37:00,"Friday","September 6, 2019 5:37 PM","September 6, 2019","5:37 PM",1567805820
"George Jungbluth - NOAA Federal","[URGENT-UPDATE] Message From NWS Leadership On Recent WH Tweet; Send Any Questions to NOAA Public Affairs",211,2019-09-06 17:38:00,"Friday","September 6, 2019 5:38 PM","September 6, 2019","5:38 PM",1567805880
"David Miller","Re: Draft CMS statement",212,2019-09-06 17:40:00,"Friday","September 6, 2019 5:40 PM","September 6, 2019","5:40 PM",1567806000
"Neil Jacobs - NOAA Federal","Fwd: NOAA statement on Alabama",213,2019-09-06 17:46:00,"Friday","September 6, 2019 5:46 PM","September 6, 2019","5:46 PM",1567806360
"Julie Roberts - NOAA Federal","Statement from NOAA",214,2019-09-06 17:51:00,"Friday","September 6, 2019 5:51 PM","September 6, 2019","5:51 PM",1567806660
"Chris Darden - NOAA Federal","Today's Statement",215,2019-09-06 18:00:00,"Friday","September 6, 2019 6:00 PM","September 6, 2019","6:00 PM",1567807200
"Christopher Vaccaro - NOAA Federal","Re: Draft CMS statement",216,2019-09-06 18:01:00,"Friday","September 6, 2019 6:01 PM","September 6, 2019","6:01 PM",1567807260
"Jerry Slaff - NOAA Federal","Fwd: Statement from NOAA",217,2019-09-06 18:17:00,"Friday","September 6, 2019 6:17 PM","September 6, 2019","6:17 PM",1567808220
"Scott Smullen - NOAA Federal","Re: Statement from NOAA",218,2019-09-06 18:18:00,"Friday","September 6, 2019 6:18 PM","September 6, 2019","6:18 PM",1567808280
"Steven Cooper - NOAA Federal","Fwd: [URGENT-UPDATE] Message From NWS Leadership On Recent WH Tweet; Send Any Questions to NOAA Public Affairs",219,2019-09-06 18:18:00,"Friday","September 6, 2019 6:18 PM","September 6, 2019","6:18 PM",1567808280
"Susan Buchanan - NOAA Federal","FYSA: From Seth/AP",220,2019-09-06 18:31:00,"Friday","September 6, 2019 6:31 PM","September 6, 2019","6:31 PM",1567809060
"Alek Krautmann - NOAA Federal","Comms statement",221,2019-09-06 18:42:00,"Friday","September 6, 2019 6:42 PM","September 6, 2019","6:42 PM",1567809720
"Alek Krautmann - NOAA Federal","Comms statement",222,2019-09-06 18:46:00,"Friday","September 6, 2019 6:46 PM","September 6, 2019","6:46 PM",1567809960
"Susan Buchanan - NOAA Federal","Fwd: Shameful Cowardice",223,2019-09-06 18:56:00,"Friday","September 6, 2019 6:56 PM","September 6, 2019","6:56 PM",1567810560
"Susan Buchanan - NOAA Federal","Fwd: Shameful Cowardice",224,2019-09-06 18:56:00,"Friday","September 6, 2019 6:56 PM","September 6, 2019","6:56 PM",1567810560
"OAR PCO - NOAA Service Account","NOAA Statement on Hurricane",225,2019-09-06 19:02:00,"Friday","September 6, 2019 7:02 PM","September 6, 2019","7:02 PM",1567810920
"Craig McLean - NOAA Federal","Out of Office Re: NOAA Statement on Hurricane",226,2019-09-06 19:02:00,"Friday","September 6, 2019 7:02 PM","September 6, 2019","7:02 PM",1567810920
"Maureen O'Leary - NOAA Federal","Re: Media guidance on Statement from NOAA",227,2019-09-06 19:07:00,"Friday","September 6, 2019 7:07 PM","September 6, 2019","7:07 PM",1567811220
"Richard Smith - NOAA Federal","Fwd: [URGENT-UPDATE] Message From NWS Leadership On Recent WH Tweet; Send Any Questions to NOAA Public Affairs",228,2019-09-06 19:24:00,"Friday","September 6, 2019 7:24 PM","September 6, 2019","7:24 PM",1567812240
"Keli Pirtle - NOAA Federal","Pirtle out of the office 8/26-9/6, 2019 Re: Fwd: [URGENT-UPDATE] Message From NWS Leadership On Recent WH Tweet; Send Any Questions to NOAA Public Affairs",229,2019-09-06 19:24:00,"Friday","September 6, 2019 7:24 PM","September 6, 2019","7:24 PM",1567812240
"Jerry Slaff - NOAA Federal","Tweet",230,2019-09-06 19:26:00,"Friday","September 6, 2019 7:26 PM","September 6, 2019","7:26 PM",1567812360
"Jerry Slaff - NOAA Federal","Tweet",231,2019-09-06 19:31:00,"Friday","September 6, 2019 7:31 PM","September 6, 2019","7:31 PM",1567812660
"Christopher Vaccaro - NOAA Federal","Fwd: Our story is up....",232,2019-09-06 19:38:00,"Friday","September 6, 2019 7:38 PM","September 6, 2019","7:38 PM",1567813080
"Jerry Slaff - NOAA Federal","Tweet",233,2019-09-06 20:05:00,"Friday","September 6, 2019 8:05 PM","September 6, 2019","8:05 PM",1567814700
"Susan Buchanan - NOAA Federal","Statement Clips so far...",234,2019-09-06 20:12:00,"Friday","September 6, 2019 8:12 PM","September 6, 2019","8:12 PM",1567815120
"Susan Buchanan - NOAA Federal","Re: Statement Clips so far...",235,2019-09-06 20:26:00,"Friday","September 6, 2019 8:26 PM","September 6, 2019","8:26 PM",1567815960
"Dennis Feltgen - NOAA Federal","Re: Shameful Cowardice",236,2019-09-06 20:33:00,"Friday","September 6, 2019 8:33 PM","September 6, 2019","8:33 PM",1567816380
"Louis Uccellini - NOAA Federal","Re: Statement",237,2019-09-06 20:40:00,"Friday","September 6, 2019 8:40 PM","September 6, 2019","8:40 PM",1567816800
"Louis Uccellini - NOAA Federal","Re: Statement",238,2019-09-06 20:40:00,"Friday","September 6, 2019 8:40 PM","September 6, 2019","8:40 PM",1567816800
"Susan Buchanan - NOAA Federal","Sobien Statement on Twitter",239,2019-09-06 20:46:00,"Friday","September 6, 2019 8:46 PM","September 6, 2019","8:46 PM",1567817160
"Susan Buchanan - NOAA Federal","Re: Shameful Cowardice",240,2019-09-06 20:49:00,"Friday","September 6, 2019 8:49 PM","September 6, 2019","8:49 PM",1567817340
"Susan Buchanan - NOAA Federal","Washington Examiner: I'm quoted",241,2019-09-06 20:57:00,"Friday","September 6, 2019 8:57 PM","September 6, 2019","8:57 PM",1567817820
"Mary Erickson - NOAA Federal","Re: Washington Examiner: I'm quoted",242,2019-09-06 21:06:00,"Friday","September 6, 2019 9:06 PM","September 6, 2019","9:06 PM",1567818360
"Mary Erickson - NOAA Federal","Draft - Performance during Dorian",243,2019-09-06 23:04:00,"Friday","September 6, 2019 11:04 PM","September 6, 2019","11:04 PM",1567825440
"Craig McLean - NOAA Federal","Re: NOAA Statement on Hurricane",244,2019-09-06 23:08:00,"Friday","September 6, 2019 11:08 PM","September 6, 2019","11:08 PM",1567825680
"Louis Uccellini - NOAA Federal","Re: Draft - Performance during Dorian",245,2019-09-06 23:13:00,"Friday","September 6, 2019 11:13 PM","September 6, 2019","11:13 PM",1567825980
"Louis Uccellini - NOAA Federal","Re: Draft - Performance during Dorian",246,2019-09-06 23:13:00,"Friday","September 6, 2019 11:13 PM","September 6, 2019","11:13 PM",1567825980
"Mary Erickson - NOAA Federal","Re: Draft - Performance during Dorian",247,2019-09-06 23:14:00,"Friday","September 6, 2019 11:14 PM","September 6, 2019","11:14 PM",1567826040
"John Potts - NOAA Federal","Re: Draft - Performance during Dorian",248,2019-09-06 23:15:00,"Friday","September 6, 2019 11:15 PM","September 6, 2019","11:15 PM",1567826100
"Craig McLean - NOAA Federal","Fwd: NOAA Statement on Hurricane",249,2019-09-06 23:16:00,"Friday","September 6, 2019 11:16 PM","September 6, 2019","11:16 PM",1567826160
"Craig McLean - NOAA Federal","Fwd: NOAA Statement on Hurricane",250,2019-09-06 23:19:00,"Friday","September 6, 2019 11:19 PM","September 6, 2019","11:19 PM",1567826340
"Neil Jacobs - NOAA Federal","Fwd: NOAA Statement on Hurricane",251,2019-09-06 23:39:00,"Friday","September 6, 2019 11:39 PM","September 6, 2019","11:39 PM",1567827540
"Stuart Levenbach - NOAA Federal","Re: REVIEW: NOAA  (b)(6)",252,2019-09-06 23:41:00,"Friday","September 6, 2019 11:41 PM","September 6, 2019","11:41 PM",1567827660
"Timothy Gallaudet - NOAA Federal","Re: Update: Dorian",253,2019-09-07 00:17:00,"Saturday","September 7, 2019 12:17 AM","September 7, 2019","12:17 AM",1567829820
"David Miller","Dave's telework log - Friday, Sept. 6",254,2019-09-07 02:14:00,"Saturday","September 7, 2019 2:14 AM","September 7, 2019","2:14 AM",1567836840
"George Jungbluth - NOAA Federal","Re: Draft - Performance during Dorian",255,2019-09-07 09:06:00,"Saturday","September 7, 2019 9:06 AM","September 7, 2019","9:06 AM",1567861560
"Chris Darden - NOAA Federal","Fwd: the tweet",256,2019-09-07 09:07:00,"Saturday","September 7, 2019 9:07 AM","September 7, 2019","9:07 AM",1567861620
"Mary Erickson - NOAA Federal","Re: Draft - Performance during Dorian",257,2019-09-07 09:18:00,"Saturday","September 7, 2019 9:18 AM","September 7, 2019","9:18 AM",1567862280
"Susan Buchanan - NOAA Federal","Re: What is wrong with you?",258,2019-09-07 10:38:00,"Saturday","September 7, 2019 10:38 AM","September 7, 2019","10:38 AM",1567867080
"Timothy Gallaudet - NOAA Federal","Fwd: Urgent concern",259,2019-09-07 10:51:00,"Saturday","September 7, 2019 10:51 AM","September 7, 2019","10:51 AM",1567867860
"Jerry Slaff - NOAA Federal","Fwd: DISGUST",260,2019-09-07 11:17:00,"Saturday","September 7, 2019 11:17 AM","September 7, 2019","11:17 AM",1567869420
"Mary Erickson - NOAA Federal","Re: Hurricane Dorian ... - Would you want to extend this from th...",261,2019-09-07 12:31:00,"Saturday","September 7, 2019 12:31 PM","September 7, 2019","12:31 PM",1567873860
"John Leslie - NOAA Federal","Fwd: Cave in to Trump?",262,2019-09-07 12:39:00,"Saturday","September 7, 2019 12:39 PM","September 7, 2019","12:39 PM",1567874340
"John Leslie - NOAA Federal","Fwd: An unaddressed message",263,2019-09-07 12:39:00,"Saturday","September 7, 2019 12:39 PM","September 7, 2019","12:39 PM",1567874340
"Chris Darden - NOAA Federal","Fwd: Disgusting behavior of NOA",264,2019-09-07 12:58:00,"Saturday","September 7, 2019 12:58 PM","September 7, 2019","12:58 PM",1567875480
"Stuart Levenbach - NOAA Federal","Fwd: seeking comment on top former noaa officials blasting noaa statement chastising birmingham office",265,2019-09-07 13:05:00,"Saturday","September 7, 2019 1:05 PM","September 7, 2019","1:05 PM",1567875900
"John Leslie - NOAA Federal","Fwd: An unaddressed message",266,2019-09-07 13:24:00,"Saturday","September 7, 2019 1:24 PM","September 7, 2019","1:24 PM",1567877040
"John Leslie - NOAA Federal","Fwd: Cave in to Trump?",267,2019-09-07 13:24:00,"Saturday","September 7, 2019 1:24 PM","September 7, 2019","1:24 PM",1567877040
"John Leslie - NOAA Federal","Fwd: Comms statement",268,2019-09-07 14:41:00,"Saturday","September 7, 2019 2:41 PM","September 7, 2019","2:41 PM",1567881660
"NWS Communications Office - NOAA Service Account","Our Appreciation for the NWS Performance for Dorian",269,2019-09-07 15:11:00,"Saturday","September 7, 2019 3:11 PM","September 7, 2019","3:11 PM",1567883460
"Brian LaMarre - NOAA Federal","Fwd: Social Media and Political Communications",270,2019-09-07 15:28:00,"Saturday","September 7, 2019 3:28 PM","September 7, 2019","3:28 PM",1567884480
"Mary Erickson - NOAA Federal","Re: Phone Numbers for NWS Offices",271,2019-09-07 15:32:00,"Saturday","September 7, 2019 3:32 PM","September 7, 2019","3:32 PM",1567884720
"Alexandra Keclik - NOAA Federal","Re: Phone Numbers for NWS Offices",272,2019-09-07 17:08:00,"Saturday","September 7, 2019 5:08 PM","September 7, 2019","5:08 PM",1567890480
"Alexandra Keclik - NOAA Federal","Re: Phone Numbers for NWS Offices",273,2019-09-07 17:52:00,"Saturday","September 7, 2019 5:52 PM","September 7, 2019","5:52 PM",1567893120
"YOUR SUPPORTERS","Re: YOUR SUPPORTERS sent you a Pizza Hut eGift Card!!!",274,2019-09-07 18:14:00,"Saturday","September 7, 2019 6:14 PM","September 7, 2019","6:14 PM",1567894440
"Louis Uccellini - NOAA Federal","Fwd: Our Appreciation for the NWS Performance for Dorian",275,2019-09-07 18:31:00,"Saturday","September 7, 2019 6:31 PM","September 7, 2019","6:31 PM",1567895460
"Louis Uccellini - NOAA Federal","Fwd: Our Appreciation for the NWS Performance for Dorian",276,2019-09-07 18:31:00,"Saturday","September 7, 2019 6:31 PM","September 7, 2019","6:31 PM",1567895460
"Timothy Gallaudet - NOAA Federal","Fwd: Our Appreciation for the NWS Performance for Dorian",277,2019-09-07 18:54:00,"Saturday","September 7, 2019 6:54 PM","September 7, 2019","6:54 PM",1567896840
"John Murphy - NOAA Federal","Re: Our Appreciation for the NWS Performance for Dorian",278,2019-09-07 18:57:00,"Saturday","September 7, 2019 6:57 PM","September 7, 2019","6:57 PM",1567897020
"Louis Uccellini - NOAA Federal","Fwd: TIME SENSITIVE inquiry from WaPo",279,2019-09-07 20:07:00,"Saturday","September 7, 2019 8:07 PM","September 7, 2019","8:07 PM",1567901220
"Susan Buchanan - NOAA Federal","Re: TIME SENSITIVE inquiry from WaPo",280,2019-09-07 20:12:00,"Saturday","September 7, 2019 8:12 PM","September 7, 2019","8:12 PM",1567901520
"Andrew Stern - NOAA Federal","Re: TIME SENSITIVE inquiry from WaPo",281,2019-09-07 20:20:00,"Saturday","September 7, 2019 8:20 PM","September 7, 2019","8:20 PM",1567902000
"Andrew Stern - NOAA Federal","Re: TIME SENSITIVE inquiry from WaPo",282,2019-09-07 20:23:00,"Saturday","September 7, 2019 8:23 PM","September 7, 2019","8:23 PM",1567902180
"Andrew Stern - NOAA Federal","Re: TIME SENSITIVE inquiry from WaPo",283,2019-09-07 20:25:00,"Saturday","September 7, 2019 8:25 PM","September 7, 2019","8:25 PM",1567902300
"Craig McLean - NOAA Federal","Alabama",284,2019-09-07 20:28:00,"Saturday","September 7, 2019 8:28 PM","September 7, 2019","8:28 PM",1567902480
"Timothy Gallaudet - NOAA Federal","Re: Our Appreciation for the NWS Performance for Dorian",285,2019-09-07 20:32:00,"Saturday","September 7, 2019 8:32 PM","September 7, 2019","8:32 PM",1567902720
"Louis Uccellini - NOAA Federal","Re: TIME SENSITIVE inquiry from WaPo",286,2019-09-07 20:44:00,"Saturday","September 7, 2019 8:44 PM","September 7, 2019","8:44 PM",1567903440
"John Murphy - NOAA Federal","Re: Our Appreciation for the NWS Performance for Dorian",287,2019-09-07 20:44:00,"Saturday","September 7, 2019 8:44 PM","September 7, 2019","8:44 PM",1567903440
"Louis Uccellini - NOAA Federal","Fwd: Our Appreciation for the NWS Performance for Dorian",288,2019-09-07 20:46:00,"Saturday","September 7, 2019 8:46 PM","September 7, 2019","8:46 PM",1567903560
"Louis Uccellini - NOAA Federal","Fwd: Our Appreciation for the NWS Performance for Dorian",289,2019-09-07 20:46:00,"Saturday","September 7, 2019 8:46 PM","September 7, 2019","8:46 PM",1567903560
"Andrew Stern - NOAA Federal","Re: TIME SENSITIVE inquiry from WaPo",290,2019-09-07 20:52:00,"Saturday","September 7, 2019 8:52 PM","September 7, 2019","8:52 PM",1567903920
"Craig McLean - NOAA Federal","Re: Our Appreciation for the NWS Performance for Dorian",291,2019-09-07 20:53:00,"Saturday","September 7, 2019 8:53 PM","September 7, 2019","8:53 PM",1567903980
"George Jungbluth - NOAA Federal","Re: TIME SENSITIVE inquiry from WaPo",292,2019-09-07 20:55:00,"Saturday","September 7, 2019 8:55 PM","September 7, 2019","8:55 PM",1567904100
"Nicole LeBoeuf","Re: Our Appreciation for the NWS Performance for Dorian",293,2019-09-07 20:56:00,"Saturday","September 7, 2019 8:56 PM","September 7, 2019","8:56 PM",1567904160
"Craig McLean - NOAA Federal","Out of Office Re: Our Appreciation for the NWS Performance for Dorian",294,2019-09-07 20:56:00,"Saturday","September 7, 2019 8:56 PM","September 7, 2019","8:56 PM",1567904160
"Andrew Stern - NOAA Federal","Re: TIME SENSITIVE inquiry from WaPo",295,2019-09-07 20:57:00,"Saturday","September 7, 2019 8:57 PM","September 7, 2019","8:57 PM",1567904220
"Kevin Cooley - NOAA Federal","Re: TIME SENSITIVE inquiry from WaPo",296,2019-09-07 21:06:00,"Saturday","September 7, 2019 9:06 PM","September 7, 2019","9:06 PM",1567904760
"Mary Erickson - NOAA Federal","Re: TIME SENSITIVE inquiry from WaPo",297,2019-09-07 21:12:00,"Saturday","September 7, 2019 9:12 PM","September 7, 2019","9:12 PM",1567905120
"Susan Buchanan - NOAA Federal","Re: TIME SENSITIVE inquiry from WaPo",298,2019-09-07 21:20:00,"Saturday","September 7, 2019 9:20 PM","September 7, 2019","9:20 PM",1567905600
"Susan Buchanan - NOAA Federal","Fwd: TIME SENSITIVE inquiry from WaPo",299,2019-09-07 21:24:00,"Saturday","September 7, 2019 9:24 PM","September 7, 2019","9:24 PM",1567905840
"Julie Roberts - NOAA Federal","Re: TIME SENSITIVE inquiry from WaPo",300,2019-09-07 21:29:00,"Saturday","September 7, 2019 9:29 PM","September 7, 2019","9:29 PM",1567906140
"Andrew Stern - NOAA Federal","Re: TIME SENSITIVE inquiry from WaPo",301,2019-09-07 21:29:00,"Saturday","September 7, 2019 9:29 PM","September 7, 2019","9:29 PM",1567906140
"Susan Buchanan - NOAA Federal","Re: TIME SENSITIVE inquiry from WaPo",302,2019-09-07 21:35:00,"Saturday","September 7, 2019 9:35 PM","September 7, 2019","9:35 PM",1567906500
"Susan Buchanan - NOAA Federal","WaPo Article",303,2019-09-07 21:38:00,"Saturday","September 7, 2019 9:38 PM","September 7, 2019","9:38 PM",1567906680
"Andrew Stern - NOAA Federal","Re: TIME SENSITIVE inquiry from WaPo",304,2019-09-07 21:38:00,"Saturday","September 7, 2019 9:38 PM","September 7, 2019","9:38 PM",1567906680
"Susan Buchanan - NOAA Federal","Here's the WaPo Article (without our comment so far...)",305,2019-09-07 21:40:00,"Saturday","September 7, 2019 9:40 PM","September 7, 2019","9:40 PM",1567906800
"George Jungbluth - NOAA Federal","Re: TIME SENSITIVE inquiry from WaPo",306,2019-09-07 21:51:00,"Saturday","September 7, 2019 9:51 PM","September 7, 2019","9:51 PM",1567907460
"George Jungbluth - NOAA Federal","Re: TIME SENSITIVE inquiry from WaPo",307,2019-09-07 21:55:00,"Saturday","September 7, 2019 9:55 PM","September 7, 2019","9:55 PM",1567907700
"Mary Erickson - NOAA Federal","Re: TIME SENSITIVE inquiry from WaPo",308,2019-09-07 22:03:00,"Saturday","September 7, 2019 10:03 PM","September 7, 2019","10:03 PM",1567908180
"Susan Buchanan - NOAA Federal","Re: TIME SENSITIVE inquiry from WaPo",309,2019-09-07 22:33:00,"Saturday","September 7, 2019 10:33 PM","September 7, 2019","10:33 PM",1567909980
"Stephen Volz - NOAA Federal","Re: Our Appreciation for the NWS Performance for Dorian",310,2019-09-07 23:04:00,"Saturday","September 7, 2019 11:04 PM","September 7, 2019","11:04 PM",1567911840
"'Barbara Moreland' via _NWS PA","shame!",311,2019-09-07 23:10:00,"Saturday","September 7, 2019 11:10 PM","September 7, 2019","11:10 PM",1567912200
"Mark Paese - NOAA Federal","Re: Our Appreciation for the NWS Performance for Dorian",312,2019-09-07 23:26:00,"Saturday","September 7, 2019 11:26 PM","September 7, 2019","11:26 PM",1567913160
"Jerry Slaff - NOAA Federal","Fwd: ""Unnamed spokesperson""",313,2019-09-08 00:25:00,"Sunday","September 8, 2019 12:25 AM","September 8, 2019","12:25 AM",1567916700
"Jerry Slaff - NOAA Federal","Fwd: Backing Trump's lies on Dorian's path to Alabama",314,2019-09-08 00:27:00,"Sunday","September 8, 2019 12:27 AM","September 8, 2019","12:27 AM",1567916820
"Neil Jacobs - NOAA Federal","Re: Our Appreciation for the NWS Performance for Dorian",315,2019-09-08 00:27:00,"Sunday","September 8, 2019 12:27 AM","September 8, 2019","12:27 AM",1567916820
"Christopher Vaccaro - NOAA Federal","Re: TIME SENSITIVE inquiry from WaPo",316,2019-09-08 00:35:00,"Sunday","September 8, 2019 12:35 AM","September 8, 2019","12:35 AM",1567917300
"Susan Buchanan - NOAA Federal","Fwd: ACTION: Request Ops Center transmit message to the field",317,2019-09-08 00:45:00,"Sunday","September 8, 2019 12:45 AM","September 8, 2019","12:45 AM",1567917900
"Timothy Gallaudet - NOAA Federal","Re: A plea from the trenches",318,2019-09-08 05:48:00,"Sunday","September 8, 2019 5:48 AM","September 8, 2019","5:48 AM",1567936080
"Timothy Gallaudet - NOAA Federal","Re: Our Appreciation for the NWS Performance for Dorian",319,2019-09-08 05:52:00,"Sunday","September 8, 2019 5:52 AM","September 8, 2019","5:52 AM",1567936320
"Nicole LeBoeuf - NOAA Federal","Fwd: A plea from the trenches",320,2019-09-08 06:02:00,"Sunday","September 8, 2019 6:02 AM","September 8, 2019","6:02 AM",1567936920
"Stuart Levenbach - NOAA Federal","Fwd: A plea from the trenches",321,2019-09-08 06:23:00,"Sunday","September 8, 2019 6:23 AM","September 8, 2019","6:23 AM",1567938180
"Stuart Levenbach - NOAA Federal","Re: A plea from the trenches",322,2019-09-08 06:27:00,"Sunday","September 8, 2019 6:27 AM","September 8, 2019","6:27 AM",1567938420
"Kenneth Graham - NOAA Federal","Fwd: Trump changing Federal Reports",323,2019-09-08 06:29:00,"Sunday","September 8, 2019 6:29 AM","September 8, 2019","6:29 AM",1567938540
"Kenneth Graham - NOAA Federal","Fwd: Hurricane Dorian",324,2019-09-08 06:30:00,"Sunday","September 8, 2019 6:30 AM","September 8, 2019","6:30 AM",1567938600
"Kenneth Graham - NOAA Federal","Fwd: Dorian / Trump Debacle Corrections Needed from NOAA",325,2019-09-08 06:30:00,"Sunday","September 8, 2019 6:30 AM","September 8, 2019","6:30 AM",1567938600
"Kenneth Graham - NOAA Federal","Fwd: Dorian/Alabama/Trump-SHAME",326,2019-09-08 06:30:00,"Sunday","September 8, 2019 6:30 AM","September 8, 2019","6:30 AM",1567938600
"Kenneth Graham - NOAA Federal","Fwd: Predicting Dorian",327,2019-09-08 06:31:00,"Sunday","September 8, 2019 6:31 AM","September 8, 2019","6:31 AM",1567938660
"Kenneth Graham - NOAA Federal","Fwd: SCIENTIFIC INTEGRITY",328,2019-09-08 06:31:00,"Sunday","September 8, 2019 6:31 AM","September 8, 2019","6:31 AM",1567938660
"Kenneth Graham - NOAA Federal","Fwd: Shameful!",329,2019-09-08 06:31:00,"Sunday","September 8, 2019 6:31 AM","September 8, 2019","6:31 AM",1567938660
"Kenneth Graham - NOAA Federal","Fwd: Urgent Hurricane Concern",330,2019-09-08 06:31:00,"Sunday","September 8, 2019 6:31 AM","September 8, 2019","6:31 AM",1567938660
"Kenneth Graham - NOAA Federal","Fwd: NOAA loses ALL credibility",331,2019-09-08 06:32:00,"Sunday","September 8, 2019 6:32 AM","September 8, 2019","6:32 AM",1567938720
"Dennis Feltgen - NOAA Federal","Re: NOAA loses ALL credibility",332,2019-09-08 07:10:00,"Sunday","September 8, 2019 7:10 AM","September 8, 2019","7:10 AM",1567941000
"Craig McLean - NOAA Federal","Alabama, Dorian, and the Washington Post",333,2019-09-08 07:36:00,"Sunday","September 8, 2019 7:36 AM","September 8, 2019","7:36 AM",1567942560
"Craig McLean - NOAA Federal","Fwd: Alabama, Dorian, and the Washington Post",334,2019-09-08 07:39:00,"Sunday","September 8, 2019 7:39 AM","September 8, 2019","7:39 AM",1567942740
"Louis Uccellini - NOAA Federal","Fwd: Alabama, Dorian, and the Washington Post",335,2019-09-08 07:56:00,"Sunday","September 8, 2019 7:56 AM","September 8, 2019","7:56 AM",1567943760
"Louis Uccellini - NOAA Federal","Fwd: Alabama, Dorian, and the Washington Post",336,2019-09-08 07:56:00,"Sunday","September 8, 2019 7:56 AM","September 8, 2019","7:56 AM",1567943760
"George Jungbluth - NOAA Federal","Fwd: Phone Numbers for NWS Offices",337,2019-09-08 08:14:00,"Sunday","September 8, 2019 8:14 AM","September 8, 2019","8:14 AM",1567944840
"Christopher Vaccaro - NOAA Federal","Fwd: Comment on Washington Post report about directive sent to employees",338,2019-09-08 08:49:00,"Sunday","September 8, 2019 8:49 AM","September 8, 2019","8:49 AM",1567946940
"Julie Roberts - NOAA Federal","Re: Comment on Washington Post report about directive sent to employees",339,2019-09-08 08:51:00,"Sunday","September 8, 2019 8:51 AM","September 8, 2019","8:51 AM",1567947060
"Christopher Vaccaro - NOAA Federal","Fwd: MSNBC/AM Joy REQUEST FOR STATEMENT",340,2019-09-08 09:01:00,"Sunday","September 8, 2019 9:01 AM","September 8, 2019","9:01 AM",1567947660
"Andrea Bleistein - NOAA Federal","Re: Phone Numbers for NWS Offices",341,2019-09-08 09:06:00,"Sunday","September 8, 2019 9:06 AM","September 8, 2019","9:06 AM",1567947960
"Benjamin Friedman - NOAA Federal","Fwd: A plea from the trenches",342,2019-09-08 09:17:00,"Sunday","September 8, 2019 9:17 AM","September 8, 2019","9:17 AM",1567948620
"Christopher Vaccaro - NOAA Federal","Update to statement",343,2019-09-08 09:26:00,"Sunday","September 8, 2019 9:26 AM","September 8, 2019","9:26 AM",1567949160
"Susan Buchanan - NOAA Federal","Re: Update to statement",344,2019-09-08 09:32:00,"Sunday","September 8, 2019 9:32 AM","September 8, 2019","9:32 AM",1567949520
"George Jungbluth - NOAA Federal","Re: TIME SENSITIVE inquiry from WaPo",345,2019-09-08 09:35:00,"Sunday","September 8, 2019 9:35 AM","September 8, 2019","9:35 AM",1567949700
"Susan Buchanan - NOAA Federal","Re: TIME SENSITIVE inquiry from WaPo",346,2019-09-08 09:37:00,"Sunday","September 8, 2019 9:37 AM","September 8, 2019","9:37 AM",1567949820
"Christopher Vaccaro - NOAA Federal","Re: Update to statement",347,2019-09-08 09:41:00,"Sunday","September 8, 2019 9:41 AM","September 8, 2019","9:41 AM",1567950060
"Susan Buchanan - NOAA Federal","Re: Update to statement",348,2019-09-08 09:44:00,"Sunday","September 8, 2019 9:44 AM","September 8, 2019","9:44 AM",1567950240
"Timothy Gallaudet - NOAA Federal","Re: Alabama",349,2019-09-08 09:44:00,"Sunday","September 8, 2019 9:44 AM","September 8, 2019","9:44 AM",1567950240
"John Murphy - NOAA Federal","Re: Our Appreciation for the NWS Performance for Dorian",350,2019-09-08 09:46:00,"Sunday","September 8, 2019 9:46 AM","September 8, 2019","9:46 AM",1567950360
"Craig McLean - NOAA Federal","Re: Alabama",351,2019-09-08 09:51:00,"Sunday","September 8, 2019 9:51 AM","September 8, 2019","9:51 AM",1567950660
"Julie Roberts - NOAA Federal","Re: Update to statement",352,2019-09-08 09:54:00,"Sunday","September 8, 2019 9:54 AM","September 8, 2019","9:54 AM",1567950840
"Christopher Vaccaro - NOAA Federal","Re: Update to statement",353,2019-09-08 09:54:00,"Sunday","September 8, 2019 9:54 AM","September 8, 2019","9:54 AM",1567950840
"Susan Buchanan - NOAA Federal","Re: TIME SENSITIVE inquiry from WaPo",354,2019-09-08 09:59:00,"Sunday","September 8, 2019 9:59 AM","September 8, 2019","9:59 AM",1567951140
"Christopher Vaccaro - NOAA Federal","Re: Update to statement",355,2019-09-08 10:04:00,"Sunday","September 8, 2019 10:04 AM","September 8, 2019","10:04 AM",1567951440
"Mary Erickson - NOAA Federal","Re: Phone Numbers for NWS Offices",356,2019-09-08 10:08:00,"Sunday","September 8, 2019 10:08 AM","September 8, 2019","10:08 AM",1567951680
"John Leslie - NOAA Federal","Fwd: We rely on accurate forecasts",357,2019-09-08 10:10:00,"Sunday","September 8, 2019 10:10 AM","September 8, 2019","10:10 AM",1567951800
"John Leslie - NOAA Federal","Fwd: We rely on accurate forecasts",358,2019-09-08 10:10:00,"Sunday","September 8, 2019 10:10 AM","September 8, 2019","10:10 AM",1567951800
"Susan Buchanan - NOAA Federal","Re: Update to statement",359,2019-09-08 10:12:00,"Sunday","September 8, 2019 10:12 AM","September 8, 2019","10:12 AM",1567951920
"Christopher Vaccaro - NOAA Federal","Re: Update to statement",360,2019-09-08 10:13:00,"Sunday","September 8, 2019 10:13 AM","September 8, 2019","10:13 AM",1567951980
"Timothy Gallaudet - NOAA Federal","Fwd: Hurricane Dorian",361,2019-09-08 10:13:00,"Sunday","September 8, 2019 10:13 AM","September 8, 2019","10:13 AM",1567951980
"John Murphy - NOAA Federal","Re: Phone Numbers for NWS Offices",362,2019-09-08 10:13:00,"Sunday","September 8, 2019 10:13 AM","September 8, 2019","10:13 AM",1567951980
"Scott Smullen - NOAA Federal","Re: Update to statement",363,2019-09-08 10:14:00,"Sunday","September 8, 2019 10:14 AM","September 8, 2019","10:14 AM",1567952040
"Scott Smullen - NOAA Federal","Re: Update to statement",364,2019-09-08 10:20:00,"Sunday","September 8, 2019 10:20 AM","September 8, 2019","10:20 AM",1567952400
"Mary Erickson - NOAA Federal","Re: Phone Numbers for NWS Offices",365,2019-09-08 10:20:00,"Sunday","September 8, 2019 10:20 AM","September 8, 2019","10:20 AM",1567952400
"John Murphy - NOAA Federal","Re: Phone Numbers for NWS Offices",366,2019-09-08 10:24:00,"Sunday","September 8, 2019 10:24 AM","September 8, 2019","10:24 AM",1567952640
"Scott Smullen - NOAA Federal","Fwd: MSNBC/AM Joy REQUEST FOR STATEMENT",367,2019-09-08 10:27:00,"Sunday","September 8, 2019 10:27 AM","September 8, 2019","10:27 AM",1567952820
"Mary Erickson - NOAA Federal","Re: Phone Numbers for NWS Offices",368,2019-09-08 10:27:00,"Sunday","September 8, 2019 10:27 AM","September 8, 2019","10:27 AM",1567952820
"Christopher Vaccaro - NOAA Federal","Re: MSNBC/AM Joy REQUEST FOR STATEMENT",369,2019-09-08 10:28:00,"Sunday","September 8, 2019 10:28 AM","September 8, 2019","10:28 AM",1567952880
"John Murphy - NOAA Federal","Re: Phone Numbers for NWS Offices",370,2019-09-08 10:32:00,"Sunday","September 8, 2019 10:32 AM","September 8, 2019","10:32 AM",1567953120
"Mary Erickson - NOAA Federal","Re: NWS Leadership to Visit WFO Birmingham",371,2019-09-08 10:35:00,"Sunday","September 8, 2019 10:35 AM","September 8, 2019","10:35 AM",1567953300
"Chris Darden - NOAA Federal","[!nfo!] Out of the office reply Re: NWS Leadership to Visit WFO Birmingham",372,2019-09-08 10:35:00,"Sunday","September 8, 2019 10:35 AM","September 8, 2019","10:35 AM",1567953300
"Mary Erickson - NOAA Federal","Re: Phone Numbers for NWS Offices",373,2019-09-08 10:38:00,"Sunday","September 8, 2019 10:38 AM","September 8, 2019","10:38 AM",1567953480
"Carlos Anselmi - NOAA Federal","Appreciation Call from Kevin Cooley",374,2019-09-08 10:39:00,"Sunday","September 8, 2019 10:39 AM","September 8, 2019","10:39 AM",1567953540
"Jason Tuell","Re: Phone Numbers for NWS Offices",375,2019-09-08 11:05:00,"Sunday","September 8, 2019 11:05 AM","September 8, 2019","11:05 AM",1567955100
"Steven Cooper - NOAA Federal","Re: Phone Numbers for NWS Offices",376,2019-09-08 11:07:00,"Sunday","September 8, 2019 11:07 AM","September 8, 2019","11:07 AM",1567955220
"Debra Blondin - NOAA Federal","Re: Phone Numbers for NWS Offices",377,2019-09-08 11:09:00,"Sunday","September 8, 2019 11:09 AM","September 8, 2019","11:09 AM",1567955340
"Steven Cooper - NOAA Federal","Meeting",378,2019-09-08 11:11:00,"Sunday","September 8, 2019 11:11 AM","September 8, 2019","11:11 AM",1567955460
"John Ewald - NOAA Federal","Fwd: MSNBC/AM Joy REQUEST FOR STATEMENT",379,2019-09-08 11:20:00,"Sunday","September 8, 2019 11:20 AM","September 8, 2019","11:20 AM",1567956000
"Scott Smullen - NOAA Federal","Re: MSNBC/AM Joy REQUEST FOR STATEMENT",380,2019-09-08 11:27:00,"Sunday","September 8, 2019 11:27 AM","September 8, 2019","11:27 AM",1567956420
"Christopher Vaccaro - NOAA Federal","Re: MSNBC/AM Joy REQUEST FOR STATEMENT",381,2019-09-08 11:32:00,"Sunday","September 8, 2019 11:32 AM","September 8, 2019","11:32 AM",1567956720
"Lance Franck - NOAA Federal","A Thank You from the NWS Leadership Team!",382,2019-09-08 11:34:00,"Sunday","September 8, 2019 11:34 AM","September 8, 2019","11:34 AM",1567956840
"Holly Allen - NOAA Federal","Call from Kevin Cooley",383,2019-09-08 11:35:00,"Sunday","September 8, 2019 11:35 AM","September 8, 2019","11:35 AM",1567956900
"Gary Matlock - NOAA Federal","Re: Alabama, Dorian, and the Washington Post",384,2019-09-08 11:54:00,"Sunday","September 8, 2019 11:54 AM","September 8, 2019","11:54 AM",1567958040
"Alexandra Keclik - NOAA Federal","Re: Phone Numbers for NWS Offices",385,2019-09-08 12:41:00,"Sunday","September 8, 2019 12:41 PM","September 8, 2019","12:41 PM",1567960860
"John Potts - NOAA Federal","Re: Phone Numbers for NWS Offices",386,2019-09-08 12:46:00,"Sunday","September 8, 2019 12:46 PM","September 8, 2019","12:46 PM",1567961160
"Chris Darden - NOAA Federal","Fwd: The forecaster who tweeted ""Alabama will NOT see impacts"" deserves COMMENDATION, not criticism",387,2019-09-08 12:52:00,"Sunday","September 8, 2019 12:52 PM","September 8, 2019","12:52 PM",1567961520
"NWS PCO - NOAA Service Account","Heads Up: Media at NWA",388,2019-09-08 13:20:00,"Sunday","September 8, 2019 1:20 PM","September 8, 2019","1:20 PM",1567963200
"Julie Roberts - NOAA Federal","Re: Heads Up: Media at NWA",389,2019-09-08 13:27:00,"Sunday","September 8, 2019 1:27 PM","September 8, 2019","1:27 PM",1567963620
"Mary Erickson - NOAA Federal","Re: Phone Numbers for NWS Offices",390,2019-09-08 13:28:00,"Sunday","September 8, 2019 1:28 PM","September 8, 2019","1:28 PM",1567963680
"Mary Erickson - NOAA Federal","Re: Meeting",391,2019-09-08 13:30:00,"Sunday","September 8, 2019 1:30 PM","September 8, 2019","1:30 PM",1567963800
"Stuart Levenbach - NOAA Federal","Alabama",392,2019-09-08 14:00:00,"Sunday","September 8, 2019 2:00 PM","September 8, 2019","2:00 PM",1567965600
"Stuart Levenbach - NOAA Federal","Re: Alabama",393,2019-09-08 14:17:00,"Sunday","September 8, 2019 2:17 PM","September 8, 2019","2:17 PM",1567966620
"Steven Cooper - NOAA Federal","Re: Meeting",394,2019-09-08 14:23:00,"Sunday","September 8, 2019 2:23 PM","September 8, 2019","2:23 PM",1567966980
"Stuart Levenbach - NOAA Federal","Fwd: Alabama, Dorian, and the Washington Post",395,2019-09-08 14:38:00,"Sunday","September 8, 2019 2:38 PM","September 8, 2019","2:38 PM",1567967880
"Stephen Volz - NOAA Federal","Re: Alabama, Dorian, and the Washington Post",396,2019-09-08 14:41:00,"Sunday","September 8, 2019 2:41 PM","September 8, 2019","2:41 PM",1567968060
"RNK Skywarn","Fwd: Lying for Trump",397,2019-09-08 15:14:00,"Sunday","September 8, 2019 3:14 PM","September 8, 2019","3:14 PM",1567970040
"Mary Erickson - NOAA Federal","Re: Phone Numbers for NWS Offices",398,2019-09-08 15:25:00,"Sunday","September 8, 2019 3:25 PM","September 8, 2019","3:25 PM",1567970700
"Christopher Vaccaro - NOAA Federal","Re: Lying for Trump",399,2019-09-08 15:27:00,"Sunday","September 8, 2019 3:27 PM","September 8, 2019","3:27 PM",1567970820
"John Murphy - NOAA Federal","Re: Phone Numbers for NWS Offices",400,2019-09-08 15:28:00,"Sunday","September 8, 2019 3:28 PM","September 8, 2019","3:28 PM",1567970880
"Mary Erickson - NOAA Federal","Re: Phone Numbers for NWS Offices",401,2019-09-08 15:40:00,"Sunday","September 8, 2019 3:40 PM","September 8, 2019","3:40 PM",1567971600
"Darin Figurskey NOAA Federal","Re: Phone Numbers for NWS Offices",402,2019-09-08 15:46:00,"Sunday","September 8, 2019 3:46 PM","September 8, 2019","3:46 PM",1567971960
"Linda LawhornBrown - NOAA Federal","Re: Alabama",403,2019-09-08 16:04:00,"Sunday","September 8, 2019 4:04 PM","September 8, 2019","4:04 PM",1567973040
"George Jungbluth - NOAA Federal","Re: Phone Numbers for NWS Offices",404,2019-09-08 16:04:00,"Sunday","September 8, 2019 4:04 PM","September 8, 2019","4:04 PM",1567973040
"Nicole LeBoeuf - NOAA Federal","NOS' Response to Hurricane Dorian",405,2019-09-08 16:12:00,"Sunday","September 8, 2019 4:12 PM","September 8, 2019","4:12 PM",1567973520
"Nicole LeBoeuf - NOAA Federal","Fwd: NOS' Response to Hurricane Dorian",406,2019-09-08 16:13:00,"Sunday","September 8, 2019 4:13 PM","September 8, 2019","4:13 PM",1567973580
"Louis Uccellini - NOAA Federal","Re: NOS' Response to Hurricane Dorian",407,2019-09-08 16:17:00,"Sunday","September 8, 2019 4:17 PM","September 8, 2019","4:17 PM",1567973820
"Nicole LeBoeuf - NOAA Federal","Re: NOS' Response to Hurricane Dorian",408,2019-09-08 16:21:00,"Sunday","September 8, 2019 4:21 PM","September 8, 2019","4:21 PM",1567974060
"Louis Uccellini - NOAA Federal","Re: NOS' Response to Hurricane Dorian",409,2019-09-08 16:23:00,"Sunday","September 8, 2019 4:23 PM","September 8, 2019","4:23 PM",1567974180
"Nicole LeBoeuf - NOAA Federal","Re: NOS' Response to Hurricane Dorian",410,2019-09-08 16:24:00,"Sunday","September 8, 2019 4:24 PM","September 8, 2019","4:24 PM",1567974240
"Stuart Levenbach - NOAA Federal","Re: Alabama",411,2019-09-08 16:24:00,"Sunday","September 8, 2019 4:24 PM","September 8, 2019","4:24 PM",1567974240
"Mary Erickson - NOAA Federal","Re: Phone Numbers for NWS Offices",412,2019-09-08 16:31:00,"Sunday","September 8, 2019 4:31 PM","September 8, 2019","4:31 PM",1567974660
"Linda LawhornBrown - NOAA Federal","Re: Alabama",413,2019-09-08 16:51:00,"Sunday","September 8, 2019 4:51 PM","September 8, 2019","4:51 PM",1567975860
"Mary Erickson - NOAA Federal","Fwd: Regarding reports on path of Hurricane Dorian",414,2019-09-08 17:14:00,"Sunday","September 8, 2019 5:14 PM","September 8, 2019","5:14 PM",1567977240
"Mary Erickson - NOAA Federal","Fwd: Regarding reports on path of Hurricane Dorian",415,2019-09-08 17:14:00,"Sunday","September 8, 2019 5:14 PM","September 8, 2019","5:14 PM",1567977240
"Louis Uccellini - NOAA Federal","Re: Regarding reports on path of Hurricane Dorian",416,2019-09-08 17:24:00,"Sunday","September 8, 2019 5:24 PM","September 8, 2019","5:24 PM",1567977840
"NWS PCO - NOAA Service Account","Re: Heads Up: Media at NWA",417,2019-09-08 18:29:00,"Sunday","September 8, 2019 6:29 PM","September 8, 2019","6:29 PM",1567981740
