ts,location_name,woeid,trend_name,tweet_volume
2020-02-04 07:00:19.577 UTC,Baltimore,2358820,#MayorCheat,
2020-02-04 07:00:30.593 UTC,Nashville,2457170,#MayorCheat,
2020-02-04 07:00:30.698 UTC,San Francisco,2487956,#MayorCheat,
2020-02-04 07:00:30.777 UTC,Seattle,2490383,#MayorCheat,
2020-02-04 07:00:34.924 UTC,Cincinnati,2380358,#MayorCheat,
2020-02-04 07:00:35.437 UTC,San Antonio,2487796,#MayorCheat,
2020-02-04 07:00:35.660 UTC,Tucson,2508428,#MayorCheat,
2020-02-04 07:00:52.744 UTC,Omaha,2465512,#MayorCheat,
2020-02-04 07:01:20.570 UTC,Milwaukee,2451822,#MayorCheat,
2020-02-04 07:01:24.606 UTC,Las Vegas,2436704,#MayorCheat,
2020-02-04 07:01:24.962 UTC,Salt Lake City,2487610,#MayorCheat,
2020-02-04 07:01:54.716 UTC,Austin,2357536,#MayorCheat,
2020-02-04 07:02:07.193 UTC,Columbus,2383660,#MayorCheat,
2020-02-04 07:02:07.230 UTC,Denver,2391279,#MayorCheat,
2020-02-04 07:02:07.273 UTC,Los Angeles,2442047,#MayorCheat,
2020-02-04 07:02:08.078 UTC,Portland,2475687,#MayorCheat,
2020-02-04 08:00:14.410 UTC,Gomel,825978,#MayorCheat,
2020-02-04 08:00:15.126 UTC,Brest,824382,#MayorCheat,
2020-02-04 08:00:17.017 UTC,Baton Rouge,2359991,#MayorCheat,
2020-02-04 08:00:17.322 UTC,New Haven,2458410,#MayorCheat,
2020-02-04 08:00:19.026 UTC,Colorado Springs,2383489,#MayorCheat,
2020-02-04 08:00:22.143 UTC,Charlotte,2378426,#MayorCheat,
2020-02-04 08:00:22.252 UTC,Chicago,2379574,#MayorCheat,
2020-02-04 08:00:22.364 UTC,Omaha,2465512,#MayorCheat,
2020-02-04 08:00:22.476 UTC,Phoenix,2471390,#MayorCheat,
2020-02-04 08:00:26.432 UTC,San Francisco,2487956,#MayorCheat,
2020-02-04 08:00:26.573 UTC,San Jose,2488042,#MayorCheat,
2020-02-04 08:00:26.683 UTC,Tallahassee,2503713,#MayorCheat,
2020-02-04 08:00:26.817 UTC,Tampa,2503863,#MayorCheat,
2020-02-04 08:00:37.729 UTC,Virginia Beach,2512636,#MayorCheat,
2020-02-04 08:00:37.840 UTC,Washington,2514815,#MayorCheat,
2020-02-04 08:00:45.453 UTC,Worldwide,1,#MayorCheat,
2020-02-04 08:00:47.544 UTC,Atlanta,2357024,#MayorCheat,
2020-02-04 08:00:47.688 UTC,Minneapolis,2452078,#MayorCheat,
2020-02-04 08:00:47.821 UTC,Nashville,2457170,#MayorCheat,
2020-02-04 08:00:47.958 UTC,New Orleans,2458833,#MayorCheat,
2020-02-04 08:00:48.865 UTC,Albuquerque,2352824,#MayorCheat,
2020-02-04 08:00:50.327 UTC,Baltimore,2358820,#MayorCheat,
2020-02-04 08:00:50.461 UTC,Salt Lake City,2487610,#MayorCheat,
2020-02-04 08:00:50.593 UTC,Tucson,2508428,#MayorCheat,
2020-02-04 08:00:50.835 UTC,Las Vegas,2436704,#MayorCheat,
2020-02-04 08:00:56.455 UTC,St. Louis,2486982,#MayorCheat,
2020-02-04 08:00:56.565 UTC,Long Beach,2441472,#MayorCheat,
2020-02-04 08:00:56.673 UTC,Oklahoma City,2464592,#MayorCheat,
2020-02-04 08:00:56.807 UTC,Orlando,2466256,#MayorCheat,
2020-02-04 08:00:56.918 UTC,Raleigh,2478307,#MayorCheat,
2020-02-04 08:01:07.519 UTC,Milwaukee,2451822,#MayorCheat,
2020-02-04 08:01:07.653 UTC,Jacksonville,2428344,#MayorCheat,
2020-02-04 08:01:07.789 UTC,Mesa,2449808,#MayorCheat,
2020-02-04 08:01:07.925 UTC,Miami,2450022,#MayorCheat,
2020-02-04 08:01:08.064 UTC,Indianapolis,2427032,#MayorCheat,
2020-02-04 08:01:08.199 UTC,Portland,2475687,#MayorCheat,
2020-02-04 08:01:08.311 UTC,San Antonio,2487796,#MayorCheat,
2020-02-04 08:01:08.407 UTC,Seattle,2490383,#MayorCheat,
2020-02-04 08:01:08.877 UTC,Belarus,23424765,#MayorCheat,
2020-02-04 08:01:20.851 UTC,Cleveland,2381475,#MayorCheat,
2020-02-04 08:01:20.993 UTC,Jackson,2428184,#MayorCheat,
2020-02-04 08:01:21.107 UTC,Los Angeles,2442047,#MayorCheat,
2020-02-04 08:01:21.213 UTC,Pittsburgh,2473224,#MayorCheat,
2020-02-04 08:01:21.348 UTC,Providence,2477058,#MayorCheat,
2020-02-04 08:01:21.488 UTC,Birmingham,2364559,#MayorCheat,
2020-02-04 08:01:22.025 UTC,Detroit,2391585,#MayorCheat,
2020-02-04 08:01:22.139 UTC,Kansas City,2430683,#MayorCheat,
2020-02-04 08:01:22.420 UTC,Dallas-Ft. Worth,2388929,#MayorCheat,
2020-02-04 08:01:59.877 UTC,Grodno,825848,#MayorCheat,
2020-02-04 08:02:00.453 UTC,Minsk,834463,#MayorCheat,
2020-02-04 08:02:04.107 UTC,New York,2459115,#MayorCheat,
2020-02-04 08:02:04.214 UTC,Philadelphia,2471217,#MayorCheat,
2020-02-04 08:02:04.371 UTC,Sacramento,2486340,#MayorCheat,
2020-02-04 08:02:04.509 UTC,Denver,2391279,#MayorCheat,
2020-02-04 08:02:05.035 UTC,United States,23424977,#MayorCheat,
2020-02-04 08:02:05.177 UTC,Fresno,2407517,#MayorCheat,
2020-02-04 08:02:05.308 UTC,Honolulu,2423945,#MayorCheat,
2020-02-04 08:02:05.446 UTC,Memphis,2449323,#MayorCheat,
2020-02-04 08:02:05.670 UTC,Norfolk,2460389,#MayorCheat,
2020-02-04 08:02:05.813 UTC,Richmond,2480894,#MayorCheat,
2020-02-04 08:02:15.489 UTC,Greensboro,2414469,#MayorCheat,
2020-02-04 08:02:15.626 UTC,Harrisburg,2418046,#MayorCheat,
2020-02-04 08:02:15.759 UTC,San Diego,2487889,#MayorCheat,
2020-02-04 08:02:16.034 UTC,Austin,2357536,#MayorCheat,
2020-02-04 08:02:16.141 UTC,Cincinnati,2380358,#MayorCheat,
2020-02-04 08:02:16.249 UTC,El Paso,2397816,#MayorCheat,
2020-02-04 08:02:16.384 UTC,Houston,2424766,#MayorCheat,
2020-02-04 08:02:42.080 UTC,Louisville,2442327,#MayorCheat,
2020-02-04 08:02:42.212 UTC,Columbus,2383660,#MayorCheat,
2020-02-04 09:00:11.029 UTC,Gomel,825978,#MayorCheat,
2020-02-04 09:00:13.056 UTC,Indianapolis,2427032,#MayorCheat,
2020-02-04 09:00:13.194 UTC,Jackson,2428184,#MayorCheat,
2020-02-04 09:00:13.273 UTC,Kansas City,2430683,#MayorCheat,
2020-02-04 09:00:13.327 UTC,Charlotte,2378426,#MayorCheat,
2020-02-04 09:00:13.354 UTC,New Orleans,2458833,#MayorCheat,
2020-02-04 09:00:13.446 UTC,Honolulu,2423945,#MayorCheat,
2020-02-04 09:00:13.463 UTC,Sacramento,2486340,#MayorCheat,10115
2020-02-04 09:00:13.545 UTC,Virginia Beach,2512636,#MayorCheat,10115
2020-02-04 09:00:13.560 UTC,New York,2459115,#MayorCheat,
2020-02-04 09:00:13.653 UTC,Raleigh,2478307,#MayorCheat,
2020-02-04 09:00:13.694 UTC,Norfolk,2460389,#MayorCheat,
2020-02-04 09:00:13.761 UTC,San Antonio,2487796,#MayorCheat,
2020-02-04 09:00:13.813 UTC,Phoenix,2471390,#MayorCheat,
2020-02-04 09:00:13.867 UTC,San Jose,2488042,#MayorCheat,
2020-02-04 09:00:13.924 UTC,Pittsburgh,2473224,#MayorCheat,
2020-02-04 09:00:14.002 UTC,Tucson,2508428,#MayorCheat,
2020-02-04 09:00:14.073 UTC,Providence,2477058,#MayorCheat,
2020-02-04 09:00:14.373 UTC,Belarus,23424765,#MayorCheat,
2020-02-04 09:00:14.683 UTC,United States,23424977,#MayorCheat,
2020-02-04 09:00:17.342 UTC,Brest,824382,#MayorCheat,
2020-02-04 09:00:17.478 UTC,Cincinnati,2380358,#MayorCheat,
2020-02-04 09:00:18.191 UTC,Birmingham,2364559,#MayorCheat,
2020-02-04 09:00:25.831 UTC,Denver,2391279,#MayorCheat,
2020-02-04 09:00:25.961 UTC,Houston,2424766,#MayorCheat,
2020-02-04 09:00:26.099 UTC,Las Vegas,2436704,#MayorCheat,
2020-02-04 09:00:26.222 UTC,Omaha,2465512,#MayorCheat,
2020-02-04 09:00:26.332 UTC,Columbus,2383660,#MayorCheat,
2020-02-04 09:00:26.359 UTC,Orlando,2466256,#MayorCheat,
2020-02-04 09:00:32.227 UTC,Minsk,834463,#MayorCheat,
2020-02-04 09:00:34.352 UTC,Nashville,2457170,#MayorCheat,
2020-02-04 09:00:34.459 UTC,Oklahoma City,2464592,#MayorCheat,
2020-02-04 09:00:34.537 UTC,Philadelphia,2471217,#MayorCheat,
2020-02-04 09:00:34.674 UTC,San Francisco,2487956,#MayorCheat,
2020-02-04 09:00:40.449 UTC,Grodno,825848,#MayorCheat,10115
2020-02-04 09:00:47.105 UTC,Worldwide,1,#MayorCheat,10115
2020-02-04 09:00:47.584 UTC,Cleveland,2381475,#MayorCheat,
2020-02-04 09:00:47.691 UTC,El Paso,2397816,#MayorCheat,
2020-02-04 09:00:47.797 UTC,Los Angeles,2442047,#MayorCheat,
2020-02-04 09:00:47.930 UTC,San Diego,2487889,#MayorCheat,
2020-02-04 09:00:48.037 UTC,Washington,2514815,#MayorCheat,
2020-02-04 09:00:50.418 UTC,Greensboro,2414469,#MayorCheat,
2020-02-04 09:01:01.268 UTC,Dallas-Ft. Worth,2388929,#MayorCheat,
2020-02-04 09:01:02.117 UTC,Miami,2450022,#MayorCheat,10115
2020-02-04 09:01:02.226 UTC,Milwaukee,2451822,#MayorCheat,
2020-02-04 09:01:02.334 UTC,Minneapolis,2452078,#MayorCheat,
2020-02-04 09:01:02.437 UTC,Portland,2475687,#MayorCheat,
2020-02-04 09:01:02.909 UTC,Memphis,2449323,#MayorCheat,
2020-02-04 09:01:03.046 UTC,New Haven,2458410,#MayorCheat,
2020-02-04 09:01:03.182 UTC,Tallahassee,2503713,#MayorCheat,10115
2020-02-04 09:01:03.262 UTC,Tampa,2503863,#MayorCheat,10115
2020-02-04 09:01:03.402 UTC,Seattle,2490383,#MayorCheat,
2020-02-04 09:01:03.896 UTC,Baltimore,2358820,#MayorCheat,
2020-02-04 09:01:04.032 UTC,Austin,2357536,#MayorCheat,
2020-02-04 09:01:18.132 UTC,Fresno,2407517,#MayorCheat,10115
2020-02-04 09:01:18.289 UTC,Jacksonville,2428344,#MayorCheat,
2020-02-04 09:01:18.426 UTC,Long Beach,2441472,#MayorCheat,
2020-02-04 09:01:18.540 UTC,Richmond,2480894,#MayorCheat,
2020-02-04 09:01:19.059 UTC,Boston,2367105,#MayorCheat,
2020-02-04 09:01:22.979 UTC,Albuquerque,2352824,#MayorCheat,
2020-02-04 09:01:23.116 UTC,Atlanta,2357024,#MayorCheat,
2020-02-04 09:01:23.224 UTC,Baton Rouge,2359991,#MayorCheat,
2020-02-04 09:01:23.334 UTC,Colorado Springs,2383489,#MayorCheat,
2020-02-04 09:01:23.451 UTC,Detroit,2391585,#MayorCheat,
2020-02-04 09:01:23.585 UTC,Harrisburg,2418046,#MayorCheat,
2020-02-04 09:01:23.692 UTC,Louisville,2442327,#MayorCheat,
2020-02-04 09:01:23.802 UTC,Mesa,2449808,#MayorCheat,
2020-02-04 09:01:23.919 UTC,St. Louis,2486982,#MayorCheat,
2020-02-04 09:01:24.029 UTC,Salt Lake City,2487610,#MayorCheat,10115
2020-02-04 10:00:09.703 UTC,Worldwide,1,#MayorCheat,12772
2020-02-04 10:00:10.734 UTC,Ottawa,3369,#MayorCheat,12772
2020-02-04 10:00:10.837 UTC,Toronto,4118,#MayorCheat,12772
2020-02-04 10:00:13.943 UTC,Minneapolis,2452078,#MayorCheat,12772
2020-02-04 10:00:14.952 UTC,Los Angeles,2442047,#MayorCheat,12772
2020-02-04 10:00:15.063 UTC,Memphis,2449323,#MayorCheat,12772
2020-02-04 10:00:15.211 UTC,Norfolk,2460389,#MayorCheat,12772
2020-02-04 10:00:15.479 UTC,St. Louis,2486982,#MayorCheat,12772
2020-02-04 10:00:15.619 UTC,San Antonio,2487796,#MayorCheat,12772
2020-02-04 10:00:16.288 UTC,Milwaukee,2451822,#MayorCheat,12772
2020-02-04 10:00:16.433 UTC,Las Vegas,2436704,#MayorCheat,12772
2020-02-04 10:00:16.474 UTC,New York,2459115,#MayorCheat,12772
2020-02-04 10:00:16.549 UTC,Nashville,2457170,#MayorCheat,12772
2020-02-04 10:00:17.065 UTC,San Jose,2488042,#MayorCheat,12772
2020-02-04 10:00:17.202 UTC,San Diego,2487889,#MayorCheat,12772
2020-02-04 10:00:17.314 UTC,Canada,23424775,#MayorCheat,12772
2020-02-04 10:00:20.715 UTC,Salt Lake City,2487610,#MayorCheat,12772
2020-02-04 10:00:20.826 UTC,Belarus,23424765,#MayorCheat,12772
2020-02-04 10:00:22.642 UTC,Fresno,2407517,#MayorCheat,12772
2020-02-04 10:00:22.759 UTC,Charlotte,2378426,#MayorCheat,12772
2020-02-04 10:00:22.878 UTC,Cincinnati,2380358,#MayorCheat,12772
2020-02-04 10:00:23.509 UTC,Louisville,2442327,#MayorCheat,12772
2020-02-04 10:00:23.621 UTC,Mesa,2449808,#MayorCheat,12772
2020-02-04 10:00:23.704 UTC,New Orleans,2458833,#MayorCheat,12772
2020-02-04 10:00:32.962 UTC,Greensboro,2414469,#MayorCheat,12772
2020-02-04 10:00:38.245 UTC,Miami,2450022,#MayorCheat,12772
2020-02-04 10:00:38.467 UTC,Tampa,2503863,#MayorCheat,12772
2020-02-04 10:00:38.700 UTC,Raleigh,2478307,#MayorCheat,12772
2020-02-04 10:00:45.472 UTC,Dallas-Ft. Worth,2388929,#MayorCheat,12772
2020-02-04 10:00:45.707 UTC,Denver,2391279,#MayorCheat,12772
2020-02-04 10:00:46.071 UTC,Atlanta,2357024,#MayorCheat,12772
2020-02-04 10:00:46.175 UTC,Baton Rouge,2359991,#MayorCheat,12772
2020-02-04 10:00:46.293 UTC,Jacksonville,2428344,#MayorCheat,12772
2020-02-04 10:00:46.435 UTC,Oklahoma City,2464592,#MayorCheat,12772
2020-02-04 10:00:46.544 UTC,Seattle,2490383,#MayorCheat,12772
2020-02-04 10:00:52.956 UTC,Harrisburg,2418046,#MayorCheat,12772
2020-02-04 10:00:53.811 UTC,Albuquerque,2352824,#MayorCheat,12772
2020-02-04 10:00:54.200 UTC,Kansas City,2430683,#MayorCheat,12772
2020-02-04 10:00:54.311 UTC,Phoenix,2471390,#MayorCheat,13018
2020-02-04 10:00:54.422 UTC,Providence,2477058,#MayorCheat,12772
2020-02-04 10:00:54.504 UTC,Tallahassee,2503713,#MayorCheat,12772
2020-02-04 10:00:54.586 UTC,Virginia Beach,2512636,#MayorCheat,12772
2020-02-04 10:00:58.512 UTC,Gomel,825978,#MayorCheat,12772
2020-02-04 10:01:01.969 UTC,Minsk,834463,#MayorCheat,12772
2020-02-04 10:01:07.139 UTC,Winnipeg,2972,#MayorCheat,12772
2020-02-04 10:01:07.250 UTC,Quebec,3444,#MayorCheat,13018
2020-02-04 10:01:07.583 UTC,Calgary,8775,#MayorCheat,12772
2020-02-04 10:01:12.412 UTC,United States,23424977,#MayorCheat,13018
2020-02-04 10:01:12.684 UTC,Brest,824382,#MayorCheat,12772
2020-02-04 10:01:13.653 UTC,Boston,2367105,#MayorCheat,12772
2020-02-04 10:01:13.830 UTC,Cleveland,2381475,#MayorCheat,13018
2020-02-04 10:01:22.158 UTC,Honolulu,2423945,#MayorCheat,12772
2020-02-04 10:01:22.292 UTC,Detroit,2391585,#MayorCheat,12772
2020-02-04 10:01:22.434 UTC,Houston,2424766,#MayorCheat,12772
2020-02-04 10:01:22.568 UTC,New Haven,2458410,#MayorCheat,12772
2020-02-04 10:01:22.676 UTC,Grodno,825848,#MayorCheat,13018
2020-02-04 10:01:23.167 UTC,Columbus,2383660,#MayorCheat,12772
2020-02-04 10:01:23.360 UTC,Baltimore,2358820,#MayorCheat,13018
2020-02-04 10:01:23.499 UTC,Omaha,2465512,#MayorCheat,12772
2020-02-04 10:01:24.374 UTC,Indianapolis,2427032,#MayorCheat,12772
2020-02-04 10:01:24.652 UTC,El Paso,2397816,#MayorCheat,12772
2020-02-04 10:01:24.837 UTC,Richmond,2480894,#MayorCheat,12772
2020-02-04 10:01:25.084 UTC,Pittsburgh,2473224,#MayorCheat,12772
2020-02-04 10:01:25.191 UTC,Sacramento,2486340,#MayorCheat,12772
2020-02-04 10:01:35.487 UTC,Montreal,3534,#MayorCheat,12772
2020-02-04 10:01:36.009 UTC,Vancouver,9807,#MayorCheat,12772
2020-02-04 11:00:09.470 UTC,Toronto,4118,#mayorcheat,16179
2020-02-04 11:00:09.557 UTC,Edmonton,8676,#mayorcheat,16179
2020-02-04 11:00:09.679 UTC,Calgary,8775,#mayorcheat,16179
2020-02-04 11:00:14.002 UTC,Charlotte,2378426,#MayorCheat,16177
2020-02-04 11:00:14.148 UTC,Philadelphia,2471217,#MayorCheat,16177
2020-02-04 11:00:14.288 UTC,Cleveland,2381475,#MayorCheat,16177
2020-02-04 11:00:14.405 UTC,Vancouver,9807,#mayorcheat,16179
2020-02-04 11:00:14.525 UTC,Quebec,3444,#mayorcheat,16179
2020-02-04 11:00:15.432 UTC,Norfolk,2460389,#MayorCheat,16177
2020-02-04 11:00:15.547 UTC,Salt Lake City,2487610,#MayorCheat,16177
2020-02-04 11:00:16.399 UTC,United States,23424977,#MayorCheat,16177
2020-02-04 11:00:16.501 UTC,Gomel,825978,#MayorCheat,16177
2020-02-04 11:00:16.623 UTC,Minsk,834463,#MayorCheat,16177
2020-02-04 11:00:20.477 UTC,Fresno,2407517,#MayorCheat,16177
2020-02-04 11:00:20.584 UTC,Memphis,2449323,#MayorCheat,16177
2020-02-04 11:00:20.729 UTC,Miami,2450022,#MayorCheat,16177
2020-02-04 11:00:20.871 UTC,Orlando,2466256,#MayorCheat,16177
2020-02-04 11:00:21.012 UTC,Louisville,2442327,#MayorCheat,16177
2020-02-04 11:00:21.156 UTC,Mesa,2449808,#MayorCheat,16177
2020-02-04 11:00:22.124 UTC,Columbus,2383660,#MayorCheat,16177
2020-02-04 11:00:22.205 UTC,Jacksonville,2428344,#MayorCheat,16177
2020-02-04 11:00:22.343 UTC,Minneapolis,2452078,#MayorCheat,16177
2020-02-04 11:00:22.432 UTC,Phoenix,2471390,#MayorCheat,16177
2020-02-04 11:00:22.544 UTC,Las Vegas,2436704,#MayorCheat,16177
2020-02-04 11:00:22.655 UTC,St. Louis,2486982,#MayorCheat,16177
2020-02-04 11:00:23.214 UTC,Atlanta,2357024,#MayorCheat,16177
2020-02-04 11:00:23.465 UTC,San Francisco,2487956,#MayorCheat,16177
2020-02-04 11:00:23.600 UTC,Washington,2514815,#MayorCheat,16177
2020-02-04 11:00:23.946 UTC,Raleigh,2478307,#MayorCheat,16177
2020-02-04 11:00:24.057 UTC,San Jose,2488042,#MayorCheat,16177
2020-02-04 11:00:24.170 UTC,Tampa,2503863,#MayorCheat,16177
2020-02-04 11:00:27.738 UTC,New Orleans,2458833,#MayorCheat,16177
2020-02-04 11:00:27.857 UTC,Kansas City,2430683,#MayorCheat,16177
2020-02-04 11:00:31.069 UTC,San Antonio,2487796,#MayorCheat,16511
2020-02-04 11:00:35.594 UTC,Denver,2391279,#MayorCheat,16177
2020-02-04 11:00:35.736 UTC,Jackson,2428184,#MayorCheat,16177
2020-02-04 11:00:35.880 UTC,Long Beach,2441472,#MayorCheat,16177
2020-02-04 11:00:35.990 UTC,Richmond,2480894,#MayorCheat,16177
2020-02-04 11:00:37.106 UTC,Providence,2477058,#MayorCheat,16177
2020-02-04 11:00:37.245 UTC,Portland,2475687,#MayorCheat,16177
2020-02-04 11:00:37.471 UTC,Chicago,2379574,#MayorCheat,16177
2020-02-04 11:00:37.611 UTC,Virginia Beach,2512636,#MayorCheat,16177
2020-02-04 11:00:42.130 UTC,Ottawa,3369,#mayorcheat,16179
2020-02-04 11:00:43.531 UTC,Albuquerque,2352824,#MayorCheat,16177
2020-02-04 11:00:44.669 UTC,Birmingham,2364559,#MayorCheat,16177
2020-02-04 11:00:45.474 UTC,Pittsburgh,2473224,#MayorCheat,16177
2020-02-04 11:00:45.656 UTC,Grodno,825848,#MayorCheat,16177
2020-02-04 11:00:46.231 UTC,Baltimore,2358820,#MayorCheat,16177
2020-02-04 11:00:46.257 UTC,Sacramento,2486340,#MayorCheat,16177
2020-02-04 11:00:46.338 UTC,Milwaukee,2451822,#MayorCheat,16177
2020-02-04 11:00:46.395 UTC,Seattle,2490383,#MayorCheat,16511
2020-02-04 11:00:46.442 UTC,Honolulu,2423945,#MayorCheat,16177
2020-02-04 11:00:46.533 UTC,Belarus,23424765,#MayorCheat,16511
2020-02-04 11:00:46.552 UTC,El Paso,2397816,#MayorCheat,16177
2020-02-04 11:00:46.663 UTC,Harrisburg,2418046,#MayorCheat,16177
2020-02-04 11:00:46.769 UTC,Houston,2424766,#MayorCheat,16177
2020-02-04 11:00:46.879 UTC,Indianapolis,2427032,#MayorCheat,16511
2020-02-04 11:00:47.003 UTC,Los Angeles,2442047,#MayorCheat,16177
2020-02-04 11:00:47.153 UTC,Nashville,2457170,#MayorCheat,16177
2020-02-04 11:00:47.285 UTC,New Haven,2458410,#MayorCheat,16177
2020-02-04 11:00:52.363 UTC,Austin,2357536,#MayorCheat,16511
2020-02-04 11:00:54.052 UTC,Brest,824382,#MayorCheat,16177
2020-02-04 11:00:54.925 UTC,Cincinnati,2380358,#MayorCheat,16511
2020-02-04 11:00:55.483 UTC,Montreal,3534,#mayorcheat,16179
2020-02-04 11:00:55.655 UTC,New York,2459115,#MayorCheat,16177
2020-02-04 11:00:55.735 UTC,Oklahoma City,2464592,#MayorCheat,16177
2020-02-04 11:00:55.846 UTC,Winnipeg,2972,#mayorcheat,16179
2020-02-04 11:00:56.225 UTC,Worldwide,1,#MayorCheat,16511
2020-02-04 11:00:58.872 UTC,San Diego,2487889,#MayorCheat,16177
2020-02-04 11:01:06.868 UTC,Dallas-Ft. Worth,2388929,#MayorCheat,16511
2020-02-04 11:01:06.977 UTC,Detroit,2391585,#MayorCheat,16177
2020-02-04 11:01:07.087 UTC,Greensboro,2414469,#MayorCheat,16511
2020-02-04 11:01:07.195 UTC,Canada,23424775,#mayorcheat,16511
2020-02-04 11:01:35.865 UTC,Tallahassee,2503713,#MayorCheat,16177
2020-02-04 11:01:35.966 UTC,Tucson,2508428,#MayorCheat,16177
2020-02-04 11:01:42.272 UTC,Colorado Springs,2383489,#MayorCheat,16511
2020-02-04 11:02:06.588 UTC,Baton Rouge,2359991,#MayorCheat,16177
2020-02-04 11:02:06.859 UTC,Omaha,2465512,#MayorCheat,16177
2020-02-04 12:00:14.665 UTC,Ottawa,3369,#MayorCheat,21295
2020-02-04 12:00:14.784 UTC,Quebec,3444,#MayorCheat,21295
2020-02-04 12:00:14.888 UTC,Vancouver,9807,#MayorCheat,21295
2020-02-04 12:00:19.788 UTC,Albuquerque,2352824,#MayorCheat,21295
2020-02-04 12:00:19.956 UTC,St. Louis,2486982,#MayorCheat,21295
2020-02-04 12:00:20.068 UTC,San Diego,2487889,#MayorCheat,21295
2020-02-04 12:00:20.181 UTC,Tampa,2503863,#MayorCheat,21295
2020-02-04 12:00:21.317 UTC,United States,23424977,#MayorCheat,21295
2020-02-04 12:00:30.483 UTC,Belarus,23424765,#MayorCheat,21295
2020-02-04 12:00:30.550 UTC,Kansas City,2430683,#MayorCheat,21295
2020-02-04 12:00:30.665 UTC,Omaha,2465512,#MayorCheat,21295
2020-02-04 12:00:30.795 UTC,Sacramento,2486340,#MayorCheat,21295
2020-02-04 12:00:30.878 UTC,San Antonio,2487796,#MayorCheat,21295
2020-02-04 12:00:30.985 UTC,Tucson,2508428,#MayorCheat,21295
2020-02-04 12:00:32.027 UTC,Indianapolis,2427032,#MayorCheat,21295
2020-02-04 12:00:32.085 UTC,Edmonton,8676,#MayorCheat,21295
2020-02-04 12:00:32.136 UTC,Miami,2450022,#MayorCheat,21295
2020-02-04 12:00:32.248 UTC,Milwaukee,2451822,#MayorCheat,21295
2020-02-04 12:00:32.328 UTC,Philadelphia,2471217,#MayorCheat,21295
2020-02-04 12:00:32.426 UTC,Providence,2477058,#MayorCheat,21295
2020-02-04 12:00:32.541 UTC,San Jose,2488042,#MayorCheat,21295
2020-02-04 12:00:32.655 UTC,Seattle,2490383,#MayorCheat,21295
2020-02-04 12:00:48.673 UTC,Brest,824382,#MayorCheat,21295
2020-02-04 12:00:49.737 UTC,Baton Rouge,2359991,#MayorCheat,21295
2020-02-04 12:00:49.822 UTC,Mesa,2449808,#MayorCheat,21295
2020-02-04 12:00:49.907 UTC,Minneapolis,2452078,#MayorCheat,21295
2020-02-04 12:00:49.991 UTC,Portland,2475687,#MayorCheat,21295
2020-02-04 12:00:50.073 UTC,Tallahassee,2503713,#MayorCheat,21295
2020-02-04 12:00:50.827 UTC,Austin,2357536,#MayorCheat,21295
2020-02-04 12:00:50.908 UTC,Chicago,2379574,#MayorCheat,21295
2020-02-04 12:00:51.044 UTC,Harrisburg,2418046,#MayorCheat,21295
2020-02-04 12:00:51.155 UTC,Jacksonville,2428344,#MayorCheat,21295
2020-02-04 12:00:51.240 UTC,Long Beach,2441472,#MayorCheat,21295
2020-02-04 12:00:51.353 UTC,Memphis,2449323,#MayorCheat,21295
2020-02-04 12:00:51.468 UTC,Nashville,2457170,#MayorCheat,21295
2020-02-04 12:00:51.550 UTC,New Haven,2458410,#MayorCheat,21295
2020-02-04 12:00:51.632 UTC,New Orleans,2458833,#MayorCheat,21804
2020-02-04 12:00:55.448 UTC,Toronto,4118,#MayorCheat,21295
2020-02-04 12:00:55.559 UTC,Montreal,3534,#MayorCheat,21804
2020-02-04 12:00:57.046 UTC,Minsk,834463,#MayorCheat,21295
2020-02-04 12:00:57.308 UTC,Atlanta,2357024,#MayorCheat,21295
2020-02-04 12:00:57.391 UTC,Birmingham,2364559,#MayorCheat,21295
2020-02-04 12:00:57.510 UTC,Denver,2391279,#MayorCheat,21295
2020-02-04 12:00:57.593 UTC,Detroit,2391585,#MayorCheat,21295
2020-02-04 12:00:57.675 UTC,Honolulu,2423945,#MayorCheat,21295
2020-02-04 12:00:57.820 UTC,Jackson,2428184,#MayorCheat,21295
2020-02-04 12:00:57.903 UTC,New York,2459115,#MayorCheat,21804
2020-02-04 12:00:57.990 UTC,Norfolk,2460389,#MayorCheat,21295
2020-02-04 12:00:58.056 UTC,Canada,23424775,#MayorCheat,21804
2020-02-04 12:00:58.130 UTC,San Francisco,2487956,#MayorCheat,21295
2020-02-04 12:00:58.211 UTC,Virginia Beach,2512636,#MayorCheat,21804
2020-02-04 12:00:58.606 UTC,Charlotte,2378426,#MayorCheat,21295
2020-02-04 12:00:58.717 UTC,Columbus,2383660,#MayorCheat,21295
2020-02-04 12:00:58.828 UTC,El Paso,2397816,#MayorCheat,21295
2020-02-04 12:00:58.938 UTC,Houston,2424766,#MayorCheat,21295
2020-02-04 12:00:59.048 UTC,Las Vegas,2436704,#MayorCheat,21295
2020-02-04 12:00:59.157 UTC,Los Angeles,2442047,#MayorCheat,21295
2020-02-04 12:00:59.260 UTC,Louisville,2442327,#MayorCheat,21295
2020-02-04 12:00:59.418 UTC,Oklahoma City,2464592,#MayorCheat,21295
2020-02-04 12:00:59.528 UTC,Orlando,2466256,#MayorCheat,21295
2020-02-04 12:00:59.608 UTC,Pittsburgh,2473224,#MayorCheat,21295
2020-02-04 12:00:59.690 UTC,Raleigh,2478307,#MayorCheat,21804
2020-02-04 12:00:59.798 UTC,Salt Lake City,2487610,#MayorCheat,21295
2020-02-04 12:00:59.879 UTC,Washington,2514815,#MayorCheat,21295
2020-02-04 12:01:04.586 UTC,Cleveland,2381475,#MayorCheat,21295
2020-02-04 12:01:16.519 UTC,Dallas-Ft. Worth,2388929,#MayorCheat,21804
2020-02-04 12:01:16.630 UTC,Fresno,2407517,#MayorCheat,21295
2020-02-04 12:01:16.772 UTC,Greensboro,2414469,#MayorCheat,21295
2020-02-04 12:01:17.394 UTC,Baltimore,2358820,#MayorCheat,21295
2020-02-04 12:01:17.513 UTC,Cincinnati,2380358,#MayorCheat,21295
2020-02-04 12:01:37.529 UTC,Brisbane,1100661,#MayorCheat,21295
2020-02-04 12:01:38.665 UTC,Gomel,825978,#MayorCheat,21295
2020-02-04 12:01:39.061 UTC,Perth,1098081,#MayorCheat,21804
2020-02-04 12:01:39.625 UTC,Melbourne,1103816,#MayorCheat,21804
2020-02-04 12:01:41.995 UTC,Canberra,1100968,#MayorCheat,21804
2020-02-04 12:01:52.874 UTC,Worldwide,1,#MayorCheat,21295
2020-02-04 12:01:55.171 UTC,Colorado Springs,2383489,#MayorCheat,21295
2020-02-04 12:01:55.252 UTC,Phoenix,2471390,#MayorCheat,21295
2020-02-04 12:01:55.339 UTC,Richmond,2480894,#MayorCheat,21804
2020-02-04 12:01:55.540 UTC,Australia,23424748,#MayorCheat,21295
2020-02-04 12:02:16.028 UTC,Winnipeg,2972,#MayorCheat,21804
2020-02-04 12:02:16.112 UTC,Calgary,8775,#MayorCheat,21804
2020-02-04 12:02:17.098 UTC,Darwin,1101597,#MayorCheat,21295
2020-02-04 12:02:17.451 UTC,Adelaide,1099805,#MayorCheat,21295
2020-02-04 12:02:17.644 UTC,Sydney,1105779,#MayorCheat,21804
2020-02-04 12:02:17.938 UTC,Grodno,825848,#MayorCheat,21804
2020-02-04 13:00:06.300 UTC,Ottawa,3369,#mayorcheat,29817
2020-02-04 13:00:06.435 UTC,Middlesbrough,28869,#MayorCheat,29810
2020-02-04 13:00:06.546 UTC,London,44418,#MayorCheat,29810
2020-02-04 13:00:07.211 UTC,Toronto,4118,#mayorcheat,29817
2020-02-04 13:00:07.353 UTC,Coventry,17044,#MayorCheat,29810
2020-02-04 13:00:12.321 UTC,Dallas-Ft. Worth,2388929,#MayorCheat,29810
2020-02-04 13:00:12.348 UTC,Austin,2357536,#MayorCheat,30752
2020-02-04 13:00:12.438 UTC,Denver,2391279,#MayorCheat,29810
2020-02-04 13:00:12.468 UTC,Detroit,2391585,#MayorCheat,29810
2020-02-04 13:00:12.579 UTC,Las Vegas,2436704,#MayorCheat,29810
2020-02-04 13:00:12.585 UTC,Indianapolis,2427032,#MayorCheat,29810
2020-02-04 13:00:12.716 UTC,Los Angeles,2442047,#MayorCheat,29810
2020-02-04 13:00:12.722 UTC,Louisville,2442327,#MayorCheat,29810
2020-02-04 13:00:12.834 UTC,New York,2459115,#MayorCheat,29810
2020-02-04 13:00:14.047 UTC,Oklahoma City,2464592,#MayorCheat,29810
2020-02-04 13:00:14.155 UTC,Richmond,2480894,#MayorCheat,29810
2020-02-04 13:00:14.269 UTC,Sacramento,2486340,#MayorCheat,29810
2020-02-04 13:00:14.754 UTC,Phoenix,2471390,#MayorCheat,29810
2020-02-04 13:00:27.916 UTC,Raleigh,2478307,#MayorCheat,29810
2020-02-04 13:00:29.340 UTC,Minsk,834463,#MayorCheat,29810
2020-02-04 13:00:30.217 UTC,Grodno,825848,#MayorCheat,29810
2020-02-04 13:00:32.136 UTC,Edmonton,8676,#mayorcheat,29817
2020-02-04 13:00:32.379 UTC,Sydney,1105779,#MayorCheat,29810
2020-02-04 13:00:32.491 UTC,El Paso,2397816,#MayorCheat,29810
2020-02-04 13:00:32.628 UTC,New Haven,2458410,#MayorCheat,29810
2020-02-04 13:00:32.740 UTC,New Orleans,2458833,#MayorCheat,29810
2020-02-04 13:00:32.962 UTC,Portland,2475687,#MayorCheat,29810
2020-02-04 13:00:33.043 UTC,St. Louis,2486982,#MayorCheat,29810
2020-02-04 13:00:33.130 UTC,San Francisco,2487956,#MayorCheat,29810
2020-02-04 13:00:33.263 UTC,Tucson,2508428,#MayorCheat,29810
2020-02-04 13:00:33.370 UTC,Virginia Beach,2512636,#MayorCheat,29810
2020-02-04 13:00:33.952 UTC,Washington,2514815,#MayorCheat,29810
2020-02-04 13:00:40.464 UTC,Winnipeg,2972,#mayorcheat,30756
2020-02-04 13:00:40.561 UTC,Vancouver,9807,#mayorcheat,29817
2020-02-04 13:00:40.671 UTC,Blackpool,12903,#MayorCheat,30752
2020-02-04 13:00:40.794 UTC,Brighton,13911,#MayorCheat,29810
2020-02-04 13:00:40.810 UTC,Atlanta,2357024,#MayorCheat,29810
2020-02-04 13:00:40.895 UTC,Chicago,2379574,#MayorCheat,29810
2020-02-04 13:00:40.962 UTC,Manchester,28218,#MayorCheat,29810
2020-02-04 13:00:40.981 UTC,Cincinnati,2380358,#MayorCheat,29810
2020-02-04 13:00:41.091 UTC,Sheffield,34503,#MayorCheat,29810
2020-02-04 13:00:41.152 UTC,Cleveland,2381475,#MayorCheat,29810
2020-02-04 13:00:41.243 UTC,Fresno,2407517,#MayorCheat,29810
2020-02-04 13:00:41.371 UTC,Miami,2450022,#MayorCheat,29810
2020-02-04 13:00:41.967 UTC,Calgary,8775,#mayorcheat,29817
2020-02-04 13:00:42.083 UTC,Bristol,13963,#MayorCheat,30752
2020-02-04 13:00:42.223 UTC,Worldwide,1,#MayorCheat,29810
2020-02-04 13:00:42.313 UTC,Birmingham,12723,#MayorCheat,29810
2020-02-04 13:00:42.460 UTC,Derby,18114,#MayorCheat,29810
2020-02-04 13:00:42.566 UTC,Glasgow,21125,#MayorCheat,29810
2020-02-04 13:00:42.707 UTC,Leeds,26042,#MayorCheat,29810
2020-02-04 13:00:42.857 UTC,Leicester,26062,#MayorCheat,29810
2020-02-04 13:00:42.967 UTC,Nottingham,30720,#MayorCheat,29810
2020-02-04 13:00:43.107 UTC,Plymouth,32185,#MayorCheat,29810
2020-02-04 13:00:43.226 UTC,Belfast,44544,#MayorCheat,29810
2020-02-04 13:00:43.529 UTC,Cardiff,15127,#MayorCheat,29810
2020-02-04 13:00:48.872 UTC,Montreal,3534,#mayorcheat,29817
2020-02-04 13:00:49.378 UTC,Brest,824382,#MayorCheat,29810
2020-02-04 13:00:49.584 UTC,Perth,1098081,#MayorCheat,29810
2020-02-04 13:00:50.073 UTC,Gomel,825978,#MayorCheat,29810
2020-02-04 13:00:51.082 UTC,Long Beach,2441472,#MayorCheat,29810
2020-02-04 13:00:51.190 UTC,Greensboro,2414469,#MayorCheat,30752
2020-02-04 13:00:51.275 UTC,Omaha,2465512,#MayorCheat,30752
2020-02-04 13:00:56.584 UTC,United Kingdom,23424975,#MayorCheat,30752
2020-02-04 13:00:56.900 UTC,United States,23424977,#MayorCheat,30752
2020-02-04 13:00:57.109 UTC,Adelaide,1099805,#MayorCheat,29810
2020-02-04 13:00:57.182 UTC,Philadelphia,2471217,#MayorCheat,30752
2020-02-04 13:00:57.217 UTC,Brisbane,1100661,#MayorCheat,29810
2020-02-04 13:00:57.353 UTC,Melbourne,1103816,#MayorCheat,29810
2020-02-04 13:00:57.589 UTC,Australia,23424748,#MayorCheat,29810
2020-02-04 13:00:57.745 UTC,Canada,23424775,#mayorcheat,29817
2020-02-04 13:01:08.982 UTC,Jackson,2428184,#MayorCheat,29810
2020-02-04 13:01:09.096 UTC,Jacksonville,2428344,#MayorCheat,29810
2020-02-04 13:01:09.568 UTC,Tallahassee,2503713,#MayorCheat,30752
2020-02-04 13:01:09.664 UTC,Baton Rouge,2359991,#MayorCheat,30752
2020-02-04 13:01:09.816 UTC,Columbus,2383660,#MayorCheat,29810
2020-02-04 13:01:09.932 UTC,Mesa,2449808,#MayorCheat,29810
2020-02-04 13:01:11.029 UTC,Nashville,2457170,#MayorCheat,29810
2020-02-04 13:01:11.563 UTC,Colorado Springs,2383489,#MayorCheat,29810
2020-02-04 13:01:11.650 UTC,Houston,2424766,#MayorCheat,29810
2020-02-04 13:01:11.772 UTC,Honolulu,2423945,#MayorCheat,29810
2020-02-04 13:01:11.915 UTC,Orlando,2466256,#MayorCheat,29810
2020-02-04 13:01:12.003 UTC,San Jose,2488042,#MayorCheat,29810
2020-02-04 13:01:17.384 UTC,Edinburgh,19344,#MayorCheat,29810
2020-02-04 13:01:19.003 UTC,San Diego,2487889,#MayorCheat,30752
2020-02-04 13:01:19.169 UTC,Seattle,2490383,#MayorCheat,29810
2020-02-04 13:01:19.308 UTC,Tampa,2503863,#MayorCheat,29810
2020-02-04 13:01:19.899 UTC,Norfolk,2460389,#MayorCheat,29810
2020-02-04 13:01:20.564 UTC,Providence,2477058,#MayorCheat,29810
2020-02-04 13:01:20.679 UTC,Belarus,23424765,#MayorCheat,29810
2020-02-04 13:01:30.478 UTC,Bournemouth,13383,#MayorCheat,30752
2020-02-04 13:01:30.613 UTC,Liverpool,26734,#MayorCheat,29810
2020-02-04 13:01:30.886 UTC,Preston,32566,#MayorCheat,29810
2020-02-04 13:01:31.728 UTC,Canberra,1100968,#MayorCheat,30752
2020-02-04 13:01:31.871 UTC,Darwin,1101597,#MayorCheat,29810
2020-02-04 13:01:32.084 UTC,Newcastle,30079,#MayorCheat,29810
2020-02-04 13:01:32.129 UTC,Hull,25211,#MayorCheat,29810
2020-02-04 13:01:32.413 UTC,Portsmouth,32452,#MayorCheat,30752
2020-02-04 13:01:32.497 UTC,Swansea,36758,#MayorCheat,29810
2020-02-04 13:01:32.522 UTC,Stoke-on-Trent,36240,#MayorCheat,29810
2020-02-04 13:01:33.642 UTC,Milwaukee,2451822,#MayorCheat,29810
2020-02-04 13:01:33.751 UTC,Pittsburgh,2473224,#MayorCheat,29810
2020-02-04 13:01:33.792 UTC,Salt Lake City,2487610,#MayorCheat,30752
2020-02-04 13:01:33.861 UTC,San Antonio,2487796,#MayorCheat,29810
2020-02-04 13:01:33.908 UTC,Minneapolis,2452078,#MayorCheat,29810
2020-02-04 13:02:42.086 UTC,Quebec,3444,#mayorcheat,29817
2020-02-04 13:02:43.500 UTC,Albuquerque,2352824,#MayorCheat,30752
2020-02-04 13:02:43.616 UTC,Baltimore,2358820,#MayorCheat,30752
2020-02-04 13:02:43.734 UTC,Birmingham,2364559,#MayorCheat,30752
2020-02-04 13:02:43.845 UTC,Charlotte,2378426,#MayorCheat,30752
2020-02-04 13:02:43.957 UTC,Harrisburg,2418046,#MayorCheat,29810
2020-02-04 13:02:45.244 UTC,Kansas City,2430683,#MayorCheat,30752
2020-02-04 13:02:45.353 UTC,Memphis,2449323,#MayorCheat,30752
2020-02-04 14:00:44.307 UTC,Bristol,13963,#MayorCheat,41153
2020-02-04 14:00:45.434 UTC,Perth,1098081,#MayorCheat,41153
2020-02-04 14:00:47.762 UTC,Vancouver,9807,#MayorCheat,41153
2020-02-04 14:00:47.895 UTC,Birmingham,12723,#MayorCheat,42241
2020-02-04 14:00:48.006 UTC,Derby,18114,#MayorCheat,41153
2020-02-04 14:00:48.181 UTC,Manchester,28218,#MayorCheat,41153
2020-02-04 14:00:48.299 UTC,Newcastle,30079,#MayorCheat,41153
2020-02-04 14:00:48.611 UTC,Dallas-Ft. Worth,2388929,#MayorCheat,42241
2020-02-04 14:00:48.862 UTC,Louisville,2442327,#MayorCheat,41153
2020-02-04 14:00:48.980 UTC,Memphis,2449323,#MayorCheat,41153
2020-02-04 14:00:49.063 UTC,Richmond,2480894,#MayorCheat,41153
2020-02-04 14:00:49.150 UTC,St. Louis,2486982,#MayorCheat,42241
2020-02-04 14:00:49.685 UTC,Charlotte,2378426,#MayorCheat,41153
2020-02-04 14:00:49.830 UTC,Chicago,2379574,#MayorCheat,41153
2020-02-04 14:00:50.088 UTC,Fresno,2407517,#MayorCheat,41153
2020-02-04 14:00:50.210 UTC,New York,2459115,#MayorCheat,41153
2020-02-04 14:00:50.338 UTC,Orlando,2466256,#MayorCheat,42241
2020-02-04 14:00:50.461 UTC,San Diego,2487889,#MayorCheat,41153
2020-02-04 14:00:50.743 UTC,Omaha,2465512,#MayorCheat,41153
2020-02-04 14:00:50.860 UTC,Tallahassee,2503713,#MayorCheat,41153
2020-02-04 14:00:50.968 UTC,Tampa,2503863,#MayorCheat,41153
2020-02-04 14:00:51.077 UTC,Australia,23424748,#MayorCheat,41153
2020-02-04 14:00:51.216 UTC,Canada,23424775,#MayorCheat,41153
2020-02-04 14:00:51.391 UTC,Brisbane,1100661,#MayorCheat,41153
2020-02-04 14:00:51.533 UTC,Melbourne,1103816,#MayorCheat,41153
2020-02-04 14:00:51.617 UTC,Brest,824382,#MayorCheat,42241
2020-02-04 14:00:52.066 UTC,Darwin,1101597,#MayorCheat,41153
2020-02-04 14:00:54.010 UTC,Gomel,825978,#MayorCheat,41153
2020-02-04 14:00:57.427 UTC,Albuquerque,2352824,#MayorCheat,41153
2020-02-04 14:00:57.543 UTC,Austin,2357536,#MayorCheat,41153
2020-02-04 14:01:05.634 UTC,Montreal,3534,#MayorCheat,41153
2020-02-04 14:01:05.774 UTC,Edmonton,8676,#MayorCheat,41153
2020-02-04 14:01:05.961 UTC,Edinburgh,19344,#MayorCheat,41153
2020-02-04 14:01:06.047 UTC,Hull,25211,#MayorCheat,41153
2020-02-04 14:01:06.164 UTC,Leeds,26042,#MayorCheat,41153
2020-02-04 14:01:06.311 UTC,Toronto,4118,#MayorCheat,41153
2020-02-04 14:01:06.462 UTC,Brighton,13911,#MayorCheat,41153
2020-02-04 14:01:09.042 UTC,Grodno,825848,#MayorCheat,41153
2020-02-04 14:01:09.518 UTC,Virginia Beach,2512636,#MayorCheat,42241
2020-02-04 14:01:12.771 UTC,Baton Rouge,2359991,#MayorCheat,41153
2020-02-04 14:01:16.813 UTC,Denver,2391279,#MayorCheat,41153
2020-02-04 14:01:16.938 UTC,Detroit,2391585,#MayorCheat,42241
2020-02-04 14:01:17.047 UTC,El Paso,2397816,#MayorCheat,41153
2020-02-04 14:01:17.084 UTC,Phoenix,2471390,#MayorCheat,41153
2020-02-04 14:01:17.162 UTC,Columbus,2383660,#MayorCheat,41153
2020-02-04 14:01:17.273 UTC,Las Vegas,2436704,#MayorCheat,42241
2020-02-04 14:01:17.316 UTC,San Jose,2488042,#MayorCheat,42241
2020-02-04 14:01:17.411 UTC,Mesa,2449808,#MayorCheat,41153
2020-02-04 14:01:17.453 UTC,Seattle,2490383,#MayorCheat,41153
2020-02-04 14:01:17.526 UTC,Pittsburgh,2473224,#MayorCheat,41153
2020-02-04 14:01:17.591 UTC,Washington,2514815,#MayorCheat,42241
2020-02-04 14:01:17.870 UTC,New Orleans,2458833,#MayorCheat,41153
2020-02-04 14:01:17.993 UTC,Philadelphia,2471217,#MayorCheat,41153
2020-02-04 14:01:18.230 UTC,San Francisco,2487956,#MayorCheat,41153
2020-02-04 14:01:18.345 UTC,Tucson,2508428,#MayorCheat,41153
2020-02-04 14:01:18.508 UTC,Belarus,23424765,#MayorCheat,41153
2020-02-04 14:01:20.310 UTC,United Kingdom,23424975,#MayorCheat,41153
2020-02-04 14:01:20.503 UTC,Winnipeg,2972,#MayorCheat,41153
2020-02-04 14:01:20.637 UTC,Cardiff,15127,#MayorCheat,41153
2020-02-04 14:01:20.771 UTC,Leicester,26062,#MayorCheat,41153
2020-02-04 14:01:27.138 UTC,Glasgow,21125,#MayorCheat,41153
2020-02-04 14:01:27.248 UTC,Middlesbrough,28869,#MayorCheat,41153
2020-02-04 14:01:27.356 UTC,Portsmouth,32452,#MayorCheat,41153
2020-02-04 14:01:27.495 UTC,London,44418,#MayorCheat,41153
2020-02-04 14:01:30.619 UTC,Colorado Springs,2383489,#MayorCheat,41153
2020-02-04 14:01:30.941 UTC,Cincinnati,2380358,#mayorcheat,41161
2020-02-04 14:01:31.992 UTC,Kansas City,2430683,#MayorCheat,41153
2020-02-04 14:01:32.342 UTC,San Antonio,2487796,#MayorCheat,41153
2020-02-04 14:01:35.476 UTC,Blackpool,12903,#MayorCheat,41153
2020-02-04 14:01:35.623 UTC,Preston,32566,#MayorCheat,41153
2020-02-04 14:01:35.750 UTC,Sheffield,34503,#MayorCheat,42241
2020-02-04 14:01:35.859 UTC,Belfast,44544,#MayorCheat,41153
2020-02-04 14:01:36.854 UTC,Indianapolis,2427032,#MayorCheat,42241
2020-02-04 14:01:47.107 UTC,Liverpool,26734,#MayorCheat,41153
2020-02-04 14:01:49.309 UTC,Birmingham,2364559,#MayorCheat,41153
2020-02-04 14:01:49.390 UTC,Boston,2367105,#MayorCheat,41153
2020-02-04 14:01:49.531 UTC,Los Angeles,2442047,#MayorCheat,42241
2020-02-04 14:01:49.646 UTC,Milwaukee,2451822,#mayorcheat,41161
2020-02-04 14:01:49.756 UTC,Atlanta,2357024,#MayorCheat,41153
2020-02-04 14:01:52.113 UTC,Houston,2424766,#MayorCheat,42241
2020-02-04 14:01:52.198 UTC,Jacksonville,2428344,#MayorCheat,41153
2020-02-04 14:01:52.427 UTC,New Haven,2458410,#MayorCheat,42241
2020-02-04 14:01:52.565 UTC,Minneapolis,2452078,#MayorCheat,42241
2020-02-04 14:01:52.892 UTC,Raleigh,2478307,#MayorCheat,41153
2020-02-04 14:01:58.147 UTC,Sydney,1105779,#MayorCheat,42241
2020-02-04 14:01:58.676 UTC,Minsk,834463,#MayorCheat,42241
2020-02-04 14:01:59.117 UTC,Adelaide,1099805,#MayorCheat,41153
2020-02-04 14:01:59.258 UTC,Canberra,1100968,#MayorCheat,42241
2020-02-04 14:02:00.108 UTC,Harrisburg,2418046,#MayorCheat,42241
2020-02-04 14:02:00.218 UTC,Jackson,2428184,#MayorCheat,41153
2020-02-04 14:02:00.327 UTC,Long Beach,2441472,#MayorCheat,42241
2020-02-04 14:02:00.463 UTC,Miami,2450022,#MayorCheat,42241
2020-02-04 14:02:00.577 UTC,Oklahoma City,2464592,#MayorCheat,41153
2020-02-04 14:02:15.458 UTC,Quebec,3444,#MayorCheat,42241
2020-02-04 14:02:15.572 UTC,Calgary,8775,#MayorCheat,42241
2020-02-04 14:02:15.683 UTC,Bournemouth,13383,#MayorCheat,41153
2020-02-04 14:02:15.812 UTC,Coventry,17044,#MayorCheat,42241
2020-02-04 14:02:17.535 UTC,Baltimore,2358820,#MayorCheat,42241
2020-02-04 14:02:22.139 UTC,Stoke-on-Trent,36240,#MayorCheat,41153
2020-02-04 14:02:22.785 UTC,Nottingham,30720,#MayorCheat,41153
2020-02-04 14:02:22.878 UTC,Plymouth,32185,#MayorCheat,42241
2020-02-04 14:02:23.013 UTC,Swansea,36758,#MayorCheat,41153
2020-02-04 15:00:08.035 UTC,Birmingham,12723,#MayorCheat,53060
2020-02-04 15:00:08.151 UTC,Brighton,13911,#MayorCheat,53060
2020-02-04 15:00:08.292 UTC,Leeds,26042,#MayorCheat,53060
2020-02-04 15:00:12.112 UTC,Plymouth,32185,#MayorCheat,52060
2020-02-04 15:00:12.849 UTC,Bournemouth,13383,#MayorCheat,53060
2020-02-04 15:00:12.867 UTC,Nottingham,30720,#MayorCheat,53060
2020-02-04 15:00:12.991 UTC,Winnipeg,2972,#MayorCheat,53060
2020-02-04 15:00:13.142 UTC,Calgary,8775,#MayorCheat,52060
2020-02-04 15:00:13.326 UTC,Edinburgh,19344,#MayorCheat,53060
2020-02-04 15:00:13.451 UTC,Leicester,26062,#MayorCheat,53060
2020-02-04 15:00:13.604 UTC,Newcastle,30079,#MayorCheat,53060
2020-02-04 15:00:13.638 UTC,Birmingham,2364559,#MayorCheat,53060
2020-02-04 15:00:13.753 UTC,Stoke-on-Trent,36240,#MayorCheat,53060
2020-02-04 15:00:13.769 UTC,Cincinnati,2380358,#MayorCheat,53060
2020-02-04 15:00:13.905 UTC,El Paso,2397816,#MayorCheat,53060
2020-02-04 15:00:14.058 UTC,Jackson,2428184,#MayorCheat,53060
2020-02-04 15:00:14.146 UTC,Adelaide,1099805,#MayorCheat,53060
2020-02-04 15:00:14.225 UTC,Swansea,36758,#MayorCheat,53060
2020-02-04 15:00:15.383 UTC,Nashville,2457170,#MayorCheat,53060
2020-02-04 15:00:15.607 UTC,Baton Rouge,2359991,#MayorCheat,53060
2020-02-04 15:00:16.426 UTC,Albuquerque,2352824,#MayorCheat,53060
2020-02-04 15:00:16.572 UTC,Atlanta,2357024,#MayorCheat,53060
2020-02-04 15:00:16.696 UTC,Colorado Springs,2383489,#MayorCheat,52060
2020-02-04 15:00:16.848 UTC,Dallas-Ft. Worth,2388929,#MayorCheat,53060
2020-02-04 15:00:16.993 UTC,Greensboro,2414469,#MayorCheat,53060
2020-02-04 15:00:17.146 UTC,New Orleans,2458833,#MayorCheat,53060
2020-02-04 15:00:17.300 UTC,Norfolk,2460389,#MayorCheat,53060
2020-02-04 15:00:17.443 UTC,Philadelphia,2471217,#MayorCheat,53060
2020-02-04 15:00:27.258 UTC,Edmonton,8676,#MayorCheat,53060
2020-02-04 15:00:27.317 UTC,Milwaukee,2451822,#MayorCheat,53060
2020-02-04 15:00:27.341 UTC,Middlesbrough,28869,#MayorCheat,53060
2020-02-04 15:00:27.457 UTC,Belfast,44544,#MayorCheat,53060
2020-02-04 15:00:27.570 UTC,London,44418,#MayorCheat,53060
2020-02-04 15:00:31.145 UTC,Gomel,825978,#MayorCheat,53060
2020-02-04 15:00:36.173 UTC,Darwin,1101597,#MayorCheat,53060
2020-02-04 15:00:37.764 UTC,Fresno,2407517,#MayorCheat,53060
2020-02-04 15:00:37.905 UTC,Houston,2424766,#MayorCheat,53060
2020-02-04 15:00:38.046 UTC,Long Beach,2441472,#MayorCheat,53060
2020-02-04 15:00:38.443 UTC,Charlotte,2378426,#MayorCheat,53060
2020-02-04 15:00:38.588 UTC,Miami,2450022,#MayorCheat,54075
2020-02-04 15:00:38.709 UTC,New Haven,2458410,#MayorCheat,53060
2020-02-04 15:00:38.823 UTC,Sacramento,2486340,#MayorCheat,53060
2020-02-04 15:00:39.121 UTC,Baltimore,2358820,#MayorCheat,53060
2020-02-04 15:00:39.364 UTC,United Kingdom,23424975,#MayorCheat,53060
2020-02-04 15:00:39.617 UTC,Raleigh,2478307,#MayorCheat,53060
2020-02-04 15:00:39.725 UTC,Richmond,2480894,#MayorCheat,53060
2020-02-04 15:00:39.862 UTC,San Diego,2487889,#MayorCheat,53060
2020-02-04 15:00:40.045 UTC,Washington,2514815,#MayorCheat,53060
2020-02-04 15:00:40.160 UTC,Australia,23424748,#MayorCheat,53060
2020-02-04 15:00:41.402 UTC,Providence,2477058,#MayorCheat,53060
2020-02-04 15:00:42.082 UTC,United States,23424977,#MayorCheat,53060
2020-02-04 15:00:42.142 UTC,Preston,32566,#MayorCheat,53060
2020-02-04 15:00:52.421 UTC,Austin,2357536,#MayorCheat,53060
2020-02-04 15:00:52.560 UTC,Jacksonville,2428344,#MayorCheat,53060
2020-02-04 15:00:52.701 UTC,Kansas City,2430683,#MayorCheat,53060
2020-02-04 15:00:52.842 UTC,Omaha,2465512,#MayorCheat,54075
2020-02-04 15:00:52.950 UTC,Orlando,2466256,#MayorCheat,53060
2020-02-04 15:00:53.510 UTC,Honolulu,2423945,#MayorCheat,53060
2020-02-04 15:00:53.650 UTC,Los Angeles,2442047,#MayorCheat,53060
2020-02-04 15:00:53.789 UTC,Minneapolis,2452078,#MayorCheat,53060
2020-02-04 15:00:53.902 UTC,New York,2459115,#MayorCheat,53060
2020-02-04 15:00:54.037 UTC,St. Louis,2486982,#MayorCheat,53060
2020-02-04 15:00:54.147 UTC,San Jose,2488042,#MayorCheat,53060
2020-02-04 15:01:17.156 UTC,Worldwide,1,#MayorCheat,54075
2020-02-04 15:01:17.315 UTC,Quebec,3444,#MayorCheat,53060
2020-02-04 15:01:17.430 UTC,Montreal,3534,#MayorCheat,53060
2020-02-04 15:01:17.547 UTC,Hull,25211,#MayorCheat,53060
2020-02-04 15:01:17.684 UTC,Manchester,28218,#MayorCheat,53060
2020-02-04 15:01:17.808 UTC,Sheffield,34503,#MayorCheat,53060
2020-02-04 15:01:17.959 UTC,Cardiff,15127,#MayorCheat,53060
2020-02-04 15:01:18.079 UTC,Toronto,4118,#MayorCheat,53060
2020-02-04 15:01:18.217 UTC,Coventry,17044,#MayorCheat,53060
2020-02-04 15:01:19.825 UTC,Oklahoma City,2464592,#MayorCheat,53060
2020-02-04 15:01:20.586 UTC,Canberra,1100968,#MayorCheat,53060
2020-02-04 15:01:20.721 UTC,Sydney,1105779,#MayorCheat,53060
2020-02-04 15:01:21.504 UTC,Brest,824382,#MayorCheat,53060
2020-02-04 15:01:21.644 UTC,Minsk,834463,#MayorCheat,53060
2020-02-04 15:01:21.808 UTC,Grodno,825848,#MayorCheat,53060
2020-02-04 15:01:24.961 UTC,Cleveland,2381475,#MayorCheat,53060
2020-02-04 15:01:25.053 UTC,Columbus,2383660,#MayorCheat,53060
2020-02-04 15:01:25.205 UTC,Memphis,2449323,#MayorCheat,53060
2020-02-04 15:01:25.355 UTC,Mesa,2449808,#MayorCheat,53060
2020-02-04 15:01:25.640 UTC,Puerto Rico,23424935,#MayorCheat,53060
2020-02-04 15:01:32.136 UTC,Brisbane,1100661,#MayorCheat,53060
2020-02-04 15:01:32.810 UTC,Phoenix,2471390,#MayorCheat,53060
2020-02-04 15:01:32.925 UTC,Seattle,2490383,#MayorCheat,53060
2020-02-04 15:01:33.061 UTC,Tallahassee,2503713,#MayorCheat,54075
2020-02-04 15:01:33.202 UTC,Tucson,2508428,#MayorCheat,53060
2020-02-04 15:01:33.348 UTC,Virginia Beach,2512636,#MayorCheat,54075
2020-02-04 15:01:33.609 UTC,Canada,23424775,#MayorCheat,54075
2020-02-04 15:01:33.928 UTC,Detroit,2391585,#MayorCheat,53060
2020-02-04 15:01:34.065 UTC,Harrisburg,2418046,#MayorCheat,54075
2020-02-04 15:01:34.204 UTC,Indianapolis,2427032,#MayorCheat,53060
2020-02-04 15:01:34.344 UTC,Las Vegas,2436704,#MayorCheat,53060
2020-02-04 15:01:34.566 UTC,Salt Lake City,2487610,#MayorCheat,53060
2020-02-04 15:01:34.705 UTC,San Antonio,2487796,#MayorCheat,53060
2020-02-04 15:01:42.116 UTC,Bristol,13963,#MayorCheat,53060
2020-02-04 15:01:42.227 UTC,Derby,18114,#MayorCheat,54075
2020-02-04 15:01:42.340 UTC,Glasgow,21125,#MayorCheat,53060
2020-02-04 15:01:42.477 UTC,Liverpool,26734,#MayorCheat,53060
2020-02-04 15:01:42.833 UTC,Vancouver,9807,#MayorCheat,53060
2020-02-04 15:01:42.982 UTC,Blackpool,12903,#MayorCheat,53060
2020-02-04 15:01:43.094 UTC,Portsmouth,32452,#MayorCheat,53060
2020-02-04 15:01:45 UTC,Perth,1098081,#MayorCheat,53060
2020-02-04 15:01:45.142 UTC,Melbourne,1103816,#MayorCheat,54075
2020-02-04 15:02:15.111 UTC,Boston,2367105,#MayorCheat,53060
2020-02-04 15:02:15.256 UTC,Chicago,2379574,#MayorCheat,53060
2020-02-04 15:02:16.021 UTC,Denver,2391279,#MayorCheat,53060
2020-02-04 15:02:16.062 UTC,Tampa,2503863,#MayorCheat,54075
2020-02-04 15:02:16.472 UTC,Pittsburgh,2473224,#MayorCheat,54075
2020-02-04 15:02:16.551 UTC,San Francisco,2487956,#MayorCheat,53060
2020-02-04 15:02:16.582 UTC,Belarus,23424765,#MayorCheat,54075
2020-02-04 15:02:16.933 UTC,Louisville,2442327,#MayorCheat,53060
2020-02-04 16:00:39.323 UTC,Edmonton,8676,#MayorCheat,65741
2020-02-04 16:00:39.438 UTC,Brighton,13911,#MayorCheat,65741
2020-02-04 16:00:39.576 UTC,Liverpool,26734,#MayorCheat,65741
2020-02-04 16:00:39.736 UTC,Plymouth,32185,#MayorCheat,65741
2020-02-04 16:00:39.823 UTC,Portsmouth,32452,#MayorCheat,65741
2020-02-04 16:00:40 UTC,Preston,32566,#MayorCheat,65741
2020-02-04 16:00:40.127 UTC,Sheffield,34503,#MayorCheat,65741
2020-02-04 16:00:40.491 UTC,Coventry,17044,#MayorCheat,65741
2020-02-04 16:00:40.511 UTC,Winnipeg,2972,#MayorCheat,65741
2020-02-04 16:00:40.657 UTC,Leeds,26042,#MayorCheat,65741
2020-02-04 16:00:40.685 UTC,Middlesbrough,28869,#MayorCheat,65741
2020-02-04 16:00:40.835 UTC,Leicester,26062,#MayorCheat,65741
2020-02-04 16:00:41.190 UTC,Blackpool,12903,#MayorCheat,65741
2020-02-04 16:00:41.337 UTC,Bournemouth,13383,#MayorCheat,65741
2020-02-04 16:00:41.452 UTC,Derby,18114,#MayorCheat,65741
2020-02-04 16:00:41.649 UTC,Newcastle,30079,#MayorCheat,65741
2020-02-04 16:00:42.391 UTC,Strasbourg,627791,#mayorcheat,65747
2020-02-04 16:00:43.147 UTC,Birmingham,12723,#MayorCheat,65741
2020-02-04 16:00:44.393 UTC,Edinburgh,19344,#MayorCheat,65741
2020-02-04 16:00:44.405 UTC,Albuquerque,2352824,#MayorCheat,66705
2020-02-04 16:00:44.513 UTC,Bristol,13963,#MayorCheat,65741
2020-02-04 16:00:44.548 UTC,El Paso,2397816,#MayorCheat,65741
2020-02-04 16:00:44.577 UTC,Baltimore,2358820,#MayorCheat,65741
2020-02-04 16:00:44.623 UTC,Darwin,1101597,#MayorCheat,65741
2020-02-04 16:00:44.696 UTC,Chicago,2379574,#MayorCheat,66705
2020-02-04 16:00:44.702 UTC,Fresno,2407517,#MayorCheat,65741
2020-02-04 16:00:44.808 UTC,San Diego,2487889,#MayorCheat,65741
2020-02-04 16:00:44.848 UTC,Harrisburg,2418046,#MayorCheat,65741
2020-02-04 16:00:46.063 UTC,Richmond,2480894,#MayorCheat,65741
2020-02-04 16:00:46.186 UTC,Portland,2475687,#MayorCheat,65741
2020-02-04 16:00:56.107 UTC,Houston,2424766,#MayorCheat,65741
2020-02-04 16:00:56.221 UTC,Jacksonville,2428344,#MayorCheat,65741
2020-02-04 16:00:56.506 UTC,Greensboro,2414469,#MayorCheat,65741
2020-02-04 16:00:56.656 UTC,Minneapolis,2452078,#MayorCheat,66705
2020-02-04 16:00:57.160 UTC,Worldwide,1,#MayorCheat,65741
2020-02-04 16:00:57.255 UTC,Ottawa,3369,#MayorCheat,65741
2020-02-04 16:00:57.390 UTC,Toronto,4118,#MayorCheat,66705
2020-02-04 16:00:57.514 UTC,Vancouver,9807,#MayorCheat,65741
2020-02-04 16:00:57.637 UTC,Hull,25211,#MayorCheat,65741
2020-02-04 16:00:57.694 UTC,Raleigh,2478307,#MayorCheat,66705
2020-02-04 16:00:57.773 UTC,Manchester,28218,#MayorCheat,65741
2020-02-04 16:00:57.802 UTC,San Francisco,2487956,#MayorCheat,65741
2020-02-04 16:00:57.892 UTC,Swansea,36758,#MayorCheat,65741
2020-02-04 16:00:57.947 UTC,Seattle,2490383,#MayorCheat,65741
2020-02-04 16:00:58.090 UTC,Baton Rouge,2359991,#MayorCheat,65741
2020-02-04 16:00:58.097 UTC,Virginia Beach,2512636,#MayorCheat,65741
2020-02-04 16:00:58.183 UTC,Montreal,3534,#MayorCheat,65741
2020-02-04 16:00:58.238 UTC,Birmingham,2364559,#MayorCheat,65741
2020-02-04 16:00:58.351 UTC,Boston,2367105,#MayorCheat,65741
2020-02-04 16:00:58.438 UTC,Dallas-Ft. Worth,2388929,#MayorCheat,65741
2020-02-04 16:00:58.588 UTC,Detroit,2391585,#MayorCheat,66705
2020-02-04 16:00:58.702 UTC,Indianapolis,2427032,#MayorCheat,65741
2020-02-04 16:00:58.820 UTC,Long Beach,2441472,#MayorCheat,65741
2020-02-04 16:00:58.856 UTC,Marseille,610264,#mayorcheat,65747
2020-02-04 16:00:58.905 UTC,Memphis,2449323,#MayorCheat,65741
2020-02-04 16:00:59.989 UTC,Louisville,2442327,#MayorCheat,65741
2020-02-04 16:01:00.455 UTC,Charlotte,2378426,#MayorCheat,65741
2020-02-04 16:01:00.547 UTC,Cincinnati,2380358,#MayorCheat,65741
2020-02-04 16:01:00.699 UTC,New Orleans,2458833,#MayorCheat,66705
2020-02-04 16:01:00.851 UTC,Orlando,2466256,#MayorCheat,65741
2020-02-04 16:01:00.934 UTC,Providence,2477058,#MayorCheat,66705
2020-02-04 16:01:00.947 UTC,Atlanta,2357024,#MayorCheat,65741
2020-02-04 16:01:01.040 UTC,Sacramento,2486340,#MayorCheat,66705
2020-02-04 16:01:01.082 UTC,Denver,2391279,#MayorCheat,65741
2020-02-04 16:01:01.224 UTC,New York,2459115,#MayorCheat,65741
2020-02-04 16:01:01.310 UTC,Honolulu,2423945,#MayorCheat,66705
2020-02-04 16:01:01.420 UTC,Omaha,2465512,#MayorCheat,65741
2020-02-04 16:01:01.785 UTC,Tucson,2508428,#MayorCheat,66705
2020-02-04 16:01:01.899 UTC,Australia,23424748,#MayorCheat,65741
2020-02-04 16:01:02.063 UTC,Canada,23424775,#MayorCheat,65741
2020-02-04 16:01:02.934 UTC,Tampa,2503863,#MayorCheat,65741
2020-02-04 16:01:03.055 UTC,Washington,2514815,#MayorCheat,65741
2020-02-04 16:01:07.507 UTC,Calgary,8775,#MayorCheat,65741
2020-02-04 16:01:08.159 UTC,Bordeaux,580778,#mayorcheat,65747
2020-02-04 16:01:08.271 UTC,Paris,615702,#mayorcheat,65747
2020-02-04 16:01:09.038 UTC,Brisbane,1100661,#MayorCheat,65741
2020-02-04 16:01:09.177 UTC,Sydney,1105779,#MayorCheat,66705
2020-02-04 16:01:10.360 UTC,Stoke-on-Trent,36240,#MayorCheat,65741
2020-02-04 16:01:11.116 UTC,Lille,608105,#mayorcheat,65747
2020-02-04 16:01:12.283 UTC,Rennes,619163,#mayorcheat,65747
2020-02-04 16:01:13.531 UTC,Canberra,1100968,#MayorCheat,66705
2020-02-04 16:01:13.615 UTC,Melbourne,1103816,#MayorCheat,65741
2020-02-04 16:01:16.221 UTC,Kansas City,2430683,#MayorCheat,65741
2020-02-04 16:01:16.360 UTC,Miami,2450022,#MayorCheat,65741
2020-02-04 16:01:27.278 UTC,Toulouse,628886,#mayorcheat,65747
2020-02-04 16:01:35.483 UTC,Oklahoma City,2464592,#MayorCheat,66705
2020-02-04 16:01:36.293 UTC,Adelaide,1099805,#MayorCheat,66705
2020-02-04 16:01:36.429 UTC,Phoenix,2471390,#MayorCheat,65741
2020-02-04 16:01:36.976 UTC,France,23424819,#mayorcheat,66706
2020-02-04 16:01:37.543 UTC,United Kingdom,23424975,#MayorCheat,65741
2020-02-04 16:01:39.160 UTC,United States,23424977,#MayorCheat,65741
2020-02-04 16:01:39.295 UTC,Tallahassee,2503713,#MayorCheat,66705
2020-02-04 16:01:42.390 UTC,Jackson,2428184,#MayorCheat,65741
2020-02-04 16:01:42.509 UTC,Los Angeles,2442047,#MayorCheat,65741
2020-02-04 16:01:43.716 UTC,Austin,2357536,#MayorCheat,65741
2020-02-04 16:01:43.859 UTC,Colorado Springs,2383489,#MayorCheat,65741
2020-02-04 16:01:43.995 UTC,Columbus,2383660,#MayorCheat,66705
2020-02-04 16:01:44.132 UTC,Mesa,2449808,#MayorCheat,66705
2020-02-04 16:01:44.241 UTC,New Haven,2458410,#MayorCheat,65741
2020-02-04 16:01:44.381 UTC,Norfolk,2460389,#MayorCheat,66705
2020-02-04 16:01:44.520 UTC,Pittsburgh,2473224,#MayorCheat,66705
2020-02-04 16:01:44.931 UTC,St. Louis,2486982,#MayorCheat,65741
2020-02-04 16:01:46.168 UTC,Quebec,3444,#MayorCheat,65741
2020-02-04 16:01:58.897 UTC,Nottingham,30720,#MayorCheat,65741
2020-02-04 16:01:59.040 UTC,London,44418,#MayorCheat,66705
2020-02-04 16:02:06.044 UTC,Salt Lake City,2487610,#MayorCheat,65741
2020-02-04 16:02:06.210 UTC,San Antonio,2487796,#MayorCheat,65741
2020-02-04 16:02:12.278 UTC,Perth,1098081,#MayorCheat,66705
2020-02-04 16:03:12.518 UTC,Cleveland,2381475,#MayorCheat,66705
2020-02-04 16:03:12.655 UTC,Nashville,2457170,#MayorCheat,66705
2020-02-04 16:03:13.774 UTC,Philadelphia,2471217,#MayorCheat,65741
2020-02-04 16:03:13.883 UTC,Las Vegas,2436704,#MayorCheat,66705
2020-02-04 16:03:14.017 UTC,Milwaukee,2451822,#MayorCheat,66705
2020-02-04 16:03:14.161 UTC,San Jose,2488042,#MayorCheat,65741
2020-02-04 17:00:34 UTC,Glasgow,21125,#MayorCheat,75930
2020-02-04 17:00:34.145 UTC,Manchester,28218,#MayorCheat,75930
2020-02-04 17:00:35.425 UTC,Lille,608105,#MayorCheat,75930
2020-02-04 17:00:36.012 UTC,Perth,1098081,#MayorCheat,75930
2020-02-04 17:00:36.159 UTC,Brisbane,1100661,#MayorCheat,75930
2020-02-04 17:00:36.297 UTC,Sydney,1105779,#MayorCheat,75930
2020-02-04 17:00:39.593 UTC,Canberra,1100968,#MayorCheat,75930
2020-02-04 17:00:40.759 UTC,United Kingdom,23424975,#MayorCheat,75930
2020-02-04 17:00:50.427 UTC,Leeds,26042,#MayorCheat,75930
2020-02-04 17:00:50.540 UTC,Leicester,26062,#MayorCheat,75930
2020-02-04 17:01:05.460 UTC,Middlesbrough,28869,#MayorCheat,75930
2020-02-04 17:01:05.575 UTC,Nottingham,30720,#MayorCheat,75930
2020-02-04 17:01:05.703 UTC,Stoke-on-Trent,36240,#MayorCheat,75930
2020-02-04 17:01:06.143 UTC,Blackpool,12903,#MayorCheat,75930
2020-02-04 17:01:06.289 UTC,Derby,18114,#MayorCheat,75930
2020-02-04 17:01:06.635 UTC,Sheffield,34503,#MayorCheat,75930
2020-02-04 17:01:06.977 UTC,Vancouver,9807,#MayorCheat,75930
2020-02-04 17:01:07.111 UTC,Bristol,13963,#MayorCheat,75930
2020-02-04 17:01:07.112 UTC,Cardiff,15127,#MayorCheat,75930
2020-02-04 17:01:07.230 UTC,Edinburgh,19344,#MayorCheat,75930
2020-02-04 17:01:07.257 UTC,Hull,25211,#MayorCheat,75930
2020-02-04 17:01:07.276 UTC,Swansea,36758,#MayorCheat,75930
2020-02-04 17:01:07.349 UTC,Liverpool,26734,#MayorCheat,75930
2020-02-04 17:01:07.464 UTC,Newcastle,30079,#MayorCheat,75930
2020-02-04 17:01:08.751 UTC,Adelaide,1099805,#MayorCheat,76808
2020-02-04 17:01:08.900 UTC,Darwin,1101597,#MayorCheat,75930
2020-02-04 17:01:09.085 UTC,Strasbourg,627791,#MayorCheat,75930
2020-02-04 17:01:10.925 UTC,Austin,2357536,#MayorCheat,75930
2020-02-04 17:01:20.818 UTC,Birmingham,12723,#MayorCheat,75930
2020-02-04 17:01:20.932 UTC,Brighton,13911,#MayorCheat,75930
2020-02-04 17:01:21.050 UTC,Preston,32566,#MayorCheat,75930
2020-02-04 17:01:21.165 UTC,London,44418,#MayorCheat,75930
2020-02-04 17:01:22.281 UTC,Bournemouth,13383,#MayorCheat,75930
2020-02-04 17:01:22.392 UTC,Coventry,17044,#MayorCheat,75930
2020-02-04 17:01:22.512 UTC,Plymouth,32185,#MayorCheat,75930
2020-02-04 17:01:22.650 UTC,Portsmouth,32452,#MayorCheat,75930
2020-02-04 17:01:24.189 UTC,Melbourne,1103816,#MayorCheat,75930
2020-02-04 17:01:24.471 UTC,Kansas City,2430683,#MayorCheat,75930
2020-02-04 17:01:25.291 UTC,Pittsburgh,2473224,#MayorCheat,75930
2020-02-04 17:01:25.431 UTC,Australia,23424748,#MayorCheat,75930
2020-02-04 17:01:40.731 UTC,Toulouse,628886,#MayorCheat,75930
2020-02-04 17:01:55.810 UTC,Bordeaux,580778,#MayorCheat,75930
2020-02-04 17:01:55.924 UTC,Marseille,610264,#MayorCheat,75930
2020-02-04 17:01:56.020 UTC,Paris,615702,#MayorCheat,75930
2020-02-04 17:01:56.144 UTC,Rennes,619163,#MayorCheat,75930
2020-02-04 17:02:18.303 UTC,Canada,23424775,#MayorCheat,75930
2020-02-04 17:02:19.635 UTC,France,23424819,#MayorCheat,75930
2020-02-04 17:02:38.247 UTC,Portland,2475687,#MayorCheat,76808
2020-02-04 18:00:10.065 UTC,Bristol,13963,#MayorCheat,84499
2020-02-04 18:00:10.160 UTC,Derby,18114,#MayorCheat,84499
2020-02-04 18:00:10.266 UTC,Edinburgh,19344,#MayorCheat,84499
2020-02-04 18:00:10.399 UTC,Leeds,26042,#MayorCheat,84499
2020-02-04 18:00:10.525 UTC,Liverpool,26734,#MayorCheat,84499
2020-02-04 18:00:10.626 UTC,Worldwide,1,#MayorCheat,84499
2020-02-04 18:00:10.749 UTC,Belfast,44544,#MayorCheat,84499
2020-02-04 18:00:10.881 UTC,Manchester,28218,#MayorCheat,84499
2020-02-04 18:00:11.015 UTC,London,44418,#MayorCheat,84499
2020-02-04 18:00:12.151 UTC,Leicester,26062,#MayorCheat,84499
2020-02-04 18:00:12.272 UTC,Newcastle,30079,#MayorCheat,84499
2020-02-04 18:00:12.481 UTC,Preston,32566,#MayorCheat,84499
2020-02-04 18:00:12.881 UTC,Darwin,1101597,#mayorcheat,84500
2020-02-04 18:00:13.013 UTC,Melbourne,1103816,#mayorcheat,84500
2020-02-04 18:00:15.685 UTC,Sydney,1105779,#mayorcheat,84500
2020-02-04 18:00:16.093 UTC,Brisbane,1100661,#mayorcheat,84500
2020-02-04 18:00:18.248 UTC,Austin,2357536,#MayorCheat,84499
2020-02-04 18:00:18.782 UTC,Philadelphia,2471217,#MayorCheat,84499
2020-02-04 18:00:18.932 UTC,Phoenix,2471390,#MayorCheat,84499
2020-02-04 18:00:19.170 UTC,Baltimore,2358820,#MayorCheat,84499
2020-02-04 18:00:19.267 UTC,Harrisburg,2418046,#MayorCheat,84499
2020-02-04 18:00:19.440 UTC,Indianapolis,2427032,#MayorCheat,84499
2020-02-04 18:00:19.816 UTC,United Kingdom,23424975,#MayorCheat,84499
2020-02-04 18:00:20.435 UTC,Ottawa,3369,#MayorCheat,84499
2020-02-04 18:00:20.692 UTC,Coventry,17044,#MayorCheat,84499
2020-02-04 18:00:20.782 UTC,Glasgow,21125,#MayorCheat,84499
2020-02-04 18:00:20.869 UTC,Nottingham,30720,#MayorCheat,84499
2020-02-04 18:00:21.156 UTC,Kansas City,2430683,#MayorCheat,84499
2020-02-04 18:00:21.303 UTC,New York,2459115,#MayorCheat,84499
2020-02-04 18:00:21.436 UTC,Norfolk,2460389,#MayorCheat,84499
2020-02-04 18:00:37.122 UTC,Chicago,2379574,#MayorCheat,84499
2020-02-04 18:00:37.233 UTC,Cleveland,2381475,#MayorCheat,84499
2020-02-04 18:00:37.384 UTC,Honolulu,2423945,#MayorCheat,84499
2020-02-04 18:00:37.503 UTC,Houston,2424766,#MayorCheat,84499
2020-02-04 18:00:37.612 UTC,Minneapolis,2452078,#MayorCheat,84499
2020-02-04 18:00:37.727 UTC,New Haven,2458410,#MayorCheat,84499
2020-02-04 18:00:37.874 UTC,Omaha,2465512,#MayorCheat,84499
2020-02-04 18:00:38.013 UTC,Pittsburgh,2473224,#MayorCheat,84499
2020-02-04 18:00:38.122 UTC,Providence,2477058,#MayorCheat,84499
2020-02-04 18:00:38.234 UTC,San Antonio,2487796,#MayorCheat,85141
2020-02-04 18:00:38.344 UTC,Tucson,2508428,#MayorCheat,84499
2020-02-04 18:00:57.218 UTC,Middlesbrough,28869,#MayorCheat,84499
2020-02-04 18:00:57.556 UTC,Plymouth,32185,#MayorCheat,84499
2020-02-04 18:00:57.668 UTC,Portsmouth,32452,#MayorCheat,84499
2020-02-04 18:00:57.891 UTC,Canberra,1100968,#mayorcheat,84500
2020-02-04 18:00:58.972 UTC,Raleigh,2478307,#MayorCheat,84499
2020-02-04 18:00:59.106 UTC,Jacksonville,2428344,#MayorCheat,85141
2020-02-04 18:00:59.222 UTC,Atlanta,2357024,#MayorCheat,84499
2020-02-04 18:00:59.334 UTC,Milwaukee,2451822,#MayorCheat,84499
2020-02-04 18:00:59.477 UTC,Portland,2475687,#MayorCheat,84499
2020-02-04 18:00:59.616 UTC,Sacramento,2486340,#MayorCheat,84499
2020-02-04 18:00:59.802 UTC,San Francisco,2487956,#MayorCheat,84499
2020-02-04 18:00:59.952 UTC,Australia,23424748,#mayorcheat,85141
2020-02-04 18:01:07.258 UTC,Brighton,13911,#MayorCheat,84499
2020-02-04 18:01:07.272 UTC,Cincinnati,2380358,#MayorCheat,84499
2020-02-04 18:01:07.361 UTC,El Paso,2397816,#MayorCheat,84499
2020-02-04 18:01:07.395 UTC,Sheffield,34503,#MayorCheat,84499
2020-02-04 18:01:07.543 UTC,Swansea,36758,#MayorCheat,84499
2020-02-04 18:01:10.636 UTC,Albuquerque,2352824,#MayorCheat,85141
2020-02-04 18:01:10.955 UTC,Tallahassee,2503713,#MayorCheat,84499
2020-02-04 18:01:11.066 UTC,Tampa,2503863,#MayorCheat,85141
2020-02-04 18:01:14.024 UTC,Colorado Springs,2383489,#MayorCheat,84499
2020-02-04 18:01:14.135 UTC,Detroit,2391585,#MayorCheat,84499
2020-02-04 18:01:17.423 UTC,Hull,25211,#MayorCheat,84499
2020-02-04 18:01:17.535 UTC,Stoke-on-Trent,36240,#MayorCheat,84499
2020-02-04 18:01:19.384 UTC,Dallas-Ft. Worth,2388929,#MayorCheat,84499
2020-02-04 18:01:19.498 UTC,Nashville,2457170,#MayorCheat,84499
2020-02-04 18:01:19.635 UTC,New Orleans,2458833,#MayorCheat,84499
2020-02-04 18:01:19.723 UTC,Las Vegas,2436704,#MayorCheat,85141
2020-02-04 18:01:19.837 UTC,Birmingham,2364559,#MayorCheat,84499
2020-02-04 18:01:20.084 UTC,St. Louis,2486982,#MayorCheat,84499
2020-02-04 18:01:20.173 UTC,San Diego,2487889,#MayorCheat,84499
2020-02-04 18:01:20.282 UTC,San Jose,2488042,#MayorCheat,84499
2020-02-04 18:01:20.979 UTC,Baton Rouge,2359991,#MayorCheat,84499
2020-02-04 18:01:21.088 UTC,Charlotte,2378426,#MayorCheat,85141
2020-02-04 18:01:21.202 UTC,Columbus,2383660,#MayorCheat,84499
2020-02-04 18:01:27.118 UTC,Bournemouth,13383,#MayorCheat,84499
2020-02-04 18:01:27.549 UTC,Birmingham,12723,#MayorCheat,85141
2020-02-04 18:01:27.693 UTC,Blackpool,12903,#MayorCheat,84499
2020-02-04 18:01:28.390 UTC,Perth,1098081,#mayorcheat,84500
2020-02-04 18:01:30.058 UTC,Adelaide,1099805,#mayorcheat,84500
2020-02-04 18:01:32.172 UTC,Los Angeles,2442047,#MayorCheat,84499
2020-02-04 18:01:32.283 UTC,Memphis,2449323,#MayorCheat,85141
2020-02-04 18:01:32.410 UTC,Mesa,2449808,#MayorCheat,84499
2020-02-04 18:01:32.556 UTC,Richmond,2480894,#MayorCheat,85141
2020-02-04 18:01:32.638 UTC,Salt Lake City,2487610,#MayorCheat,85141
2020-02-04 18:01:32.743 UTC,Seattle,2490383,#MayorCheat,84499
2020-02-04 18:01:32.879 UTC,Virginia Beach,2512636,#MayorCheat,84499
2020-02-04 18:01:33.017 UTC,Washington,2514815,#MayorCheat,84499
2020-02-04 18:01:33.377 UTC,Jackson,2428184,#MayorCheat,85141
2020-02-04 18:01:33.484 UTC,Long Beach,2441472,#MayorCheat,84499
2020-02-04 18:01:33.569 UTC,Louisville,2442327,#MayorCheat,85141
2020-02-04 18:01:33.696 UTC,Miami,2450022,#MayorCheat,84499
2020-02-04 18:01:33.831 UTC,Oklahoma City,2464592,#MayorCheat,84499
2020-02-04 18:01:33.911 UTC,Orlando,2466256,#MayorCheat,84499
2020-02-04 18:01:34.270 UTC,Fresno,2407517,#MayorCheat,84499
2020-02-04 18:01:42.138 UTC,Greensboro,2414469,#MayorCheat,84499
2020-02-04 18:01:43.650 UTC,United States,23424977,#MayorCheat,84499
2020-02-04 18:01:55.483 UTC,Cardiff,15127,#MayorCheat,85141
2020-02-04 19:00:44.976 UTC,Birmingham,12723,#mayorcheat,91075
2020-02-04 19:00:48.281 UTC,Jacksonville,2428344,#MayorCheat,91075
2020-02-04 19:00:48.422 UTC,Long Beach,2441472,#MayorCheat,91596
2020-02-04 19:00:48.560 UTC,Phoenix,2471390,#MayorCheat,91075
2020-02-04 19:00:48.670 UTC,Providence,2477058,#MayorCheat,91075
2020-02-04 19:00:48.781 UTC,San Diego,2487889,#MayorCheat,91075
2020-02-04 19:00:49.067 UTC,Chicago,2379574,#MayorCheat,91075
2020-02-04 19:00:49.180 UTC,Columbus,2383660,#MayorCheat,91075
2020-02-04 19:00:49.294 UTC,Fresno,2407517,#MayorCheat,91075
2020-02-04 19:00:49.412 UTC,Houston,2424766,#MayorCheat,91075
2020-02-04 19:00:57.219 UTC,Gomel,825978,#MayorCheat,91075
2020-02-04 19:01:01.756 UTC,Sydney,1105779,#MayorCheat,91075
2020-02-04 19:01:02.349 UTC,Cardiff,15127,#mayorcheat,91075
2020-02-04 19:01:02.938 UTC,Middlesbrough,28869,#mayorcheat,91075
2020-02-04 19:01:03.028 UTC,Melbourne,1103816,#MayorCheat,91075
2020-02-04 19:01:03.617 UTC,Albuquerque,2352824,#MayorCheat,91075
2020-02-04 19:01:03.701 UTC,Atlanta,2357024,#MayorCheat,91075
2020-02-04 19:01:03.828 UTC,Colorado Springs,2383489,#MayorCheat,91596
2020-02-04 19:01:03.923 UTC,Detroit,2391585,#MayorCheat,91596
2020-02-04 19:01:04.049 UTC,El Paso,2397816,#MayorCheat,91075
2020-02-04 19:01:06.642 UTC,Dallas-Ft. Worth,2388929,#MayorCheat,91075
2020-02-04 19:01:06.913 UTC,Jackson,2428184,#MayorCheat,91075
2020-02-04 19:01:07.022 UTC,Los Angeles,2442047,#MayorCheat,91075
2020-02-04 19:01:10.583 UTC,Glasgow,21125,#mayorcheat,91075
2020-02-04 19:01:12.239 UTC,Baltimore,2358820,#MayorCheat,91075
2020-02-04 19:01:12.285 UTC,Blackpool,12903,#mayorcheat,91597
2020-02-04 19:01:12.760 UTC,New Haven,2458410,#MayorCheat,91596
2020-02-04 19:01:12.894 UTC,Orlando,2466256,#MayorCheat,91075
2020-02-04 19:01:12.932 UTC,Kansas City,2430683,#MayorCheat,91596
2020-02-04 19:01:13.072 UTC,Miami,2450022,#MayorCheat,91075
2020-02-04 19:01:13.205 UTC,Milwaukee,2451822,#MayorCheat,91075
2020-02-04 19:01:13.447 UTC,San Antonio,2487796,#MayorCheat,91075
2020-02-04 19:01:13.499 UTC,Perth,1098081,#MayorCheat,91075
2020-02-04 19:01:13.584 UTC,Adelaide,1099805,#MayorCheat,91075
2020-02-04 19:01:15.032 UTC,Cincinnati,2380358,#MayorCheat,91596
2020-02-04 19:01:15.114 UTC,Louisville,2442327,#MayorCheat,91596
2020-02-04 19:01:15.230 UTC,Portland,2475687,#MayorCheat,91075
2020-02-04 19:01:15.449 UTC,Swansea,36758,#mayorcheat,91075
2020-02-04 19:01:15.546 UTC,Plymouth,32185,#mayorcheat,91597
2020-02-04 19:01:15.738 UTC,United States,23424977,#MayorCheat,91075
2020-02-04 19:01:15.788 UTC,London,44418,#mayorcheat,91075
2020-02-04 19:01:16.382 UTC,Belfast,44544,#mayorcheat,91075
2020-02-04 19:01:17.943 UTC,Brighton,13911,#mayorcheat,91597
2020-02-04 19:01:18.032 UTC,Bristol,13963,#mayorcheat,91075
2020-02-04 19:01:18.186 UTC,Liverpool,26734,#mayorcheat,91597
2020-02-04 19:01:18.327 UTC,Nottingham,30720,#mayorcheat,91075
2020-02-04 19:01:25.455 UTC,Norfolk,2460389,#MayorCheat,91075
2020-02-04 19:01:25.635 UTC,Salt Lake City,2487610,#MayorCheat,91596
2020-02-04 19:01:25.734 UTC,San Jose,2488042,#MayorCheat,91075
2020-02-04 19:01:25.866 UTC,Charlotte,2378426,#MayorCheat,91075
2020-02-04 19:01:25.962 UTC,San Francisco,2487956,#MayorCheat,91075
2020-02-04 19:01:26.077 UTC,Tallahassee,2503713,#MayorCheat,91075
2020-02-04 19:01:26.149 UTC,Raleigh,2478307,#MayorCheat,91075
2020-02-04 19:01:27.008 UTC,United Kingdom,23424975,#mayorcheat,91075
2020-02-04 19:01:28.202 UTC,Harrisburg,2418046,#MayorCheat,91596
2020-02-04 19:01:28.311 UTC,Minneapolis,2452078,#MayorCheat,91075
2020-02-04 19:01:28.428 UTC,Nashville,2457170,#MayorCheat,91596
2020-02-04 19:01:38.753 UTC,Tucson,2508428,#MayorCheat,91075
2020-02-04 19:01:39.008 UTC,Australia,23424748,#MayorCheat,91075
2020-02-04 19:01:40.687 UTC,Brisbane,1100661,#MayorCheat,91075
2020-02-04 19:01:42.040 UTC,New York,2459115,#MayorCheat,91075
2020-02-04 19:01:42.189 UTC,Oklahoma City,2464592,#MayorCheat,91596
2020-02-04 19:01:42.335 UTC,Omaha,2465512,#MayorCheat,91075
2020-02-04 19:01:42.339 UTC,Newcastle,30079,#mayorcheat,91075
2020-02-04 19:01:42.481 UTC,Richmond,2480894,#MayorCheat,91075
2020-02-04 19:01:42.577 UTC,Sacramento,2486340,#MayorCheat,91075
2020-02-04 19:01:42.720 UTC,Seattle,2490383,#MayorCheat,91596
2020-02-04 19:01:42.864 UTC,Belarus,23424765,#MayorCheat,91596
2020-02-04 19:01:43.031 UTC,Preston,32566,#mayorcheat,91597
2020-02-04 19:01:43.170 UTC,Sheffield,34503,#mayorcheat,91075
2020-02-04 19:01:43.317 UTC,New Orleans,2458833,#MayorCheat,91075
2020-02-04 19:01:44.197 UTC,Austin,2357536,#MayorCheat,91075
2020-02-04 19:01:44.339 UTC,Greensboro,2414469,#MayorCheat,91075
2020-02-04 19:01:44.478 UTC,Birmingham,2364559,#MayorCheat,91075
2020-02-04 19:01:44.589 UTC,Honolulu,2423945,#MayorCheat,91075
2020-02-04 19:01:45.460 UTC,St. Louis,2486982,#MayorCheat,91596
2020-02-04 19:01:45.573 UTC,Tampa,2503863,#MayorCheat,91075
2020-02-04 19:01:45.661 UTC,Washington,2514815,#MayorCheat,91075
2020-02-04 19:01:46.123 UTC,Virginia Beach,2512636,#MayorCheat,91596
2020-02-04 19:02:03.399 UTC,Philadelphia,2471217,#MayorCheat,91075
2020-02-04 19:02:05.452 UTC,Ottawa,3369,#MayorCheat,91075
2020-02-04 19:02:05.700 UTC,Manchester,28218,#mayorcheat,91597
2020-02-04 19:02:05.920 UTC,Coventry,17044,#mayorcheat,91075
2020-02-04 19:02:06.034 UTC,Leeds,26042,#mayorcheat,91075
2020-02-04 19:02:06.392 UTC,Bournemouth,13383,#mayorcheat,91075
2020-02-04 19:02:06.474 UTC,Derby,18114,#mayorcheat,91075
2020-02-04 19:02:06.595 UTC,Hull,25211,#mayorcheat,91597
2020-02-04 19:02:06.714 UTC,Leicester,26062,#mayorcheat,91075
2020-02-04 19:02:12.273 UTC,Edinburgh,19344,#mayorcheat,91597
2020-02-04 19:02:12.603 UTC,Canberra,1100968,#MayorCheat,91075
2020-02-04 19:02:12.746 UTC,Darwin,1101597,#MayorCheat,91596
2020-02-04 19:02:13.955 UTC,Brest,824382,#MayorCheat,91596
2020-02-04 19:02:14.070 UTC,Grodno,825848,#MayorCheat,91075
2020-02-04 19:02:14.979 UTC,Baton Rouge,2359991,#MayorCheat,91596
2020-02-04 19:02:15.117 UTC,Mesa,2449808,#MayorCheat,91075
2020-02-04 19:02:15.251 UTC,Pittsburgh,2473224,#MayorCheat,91596
2020-02-04 19:02:55.616 UTC,Cleveland,2381475,#MayorCheat,91596
2020-02-04 19:02:55.728 UTC,Indianapolis,2427032,#MayorCheat,91075
2020-02-04 19:02:55.842 UTC,Las Vegas,2436704,#MayorCheat,91075
2020-02-04 19:02:55.958 UTC,Memphis,2449323,#MayorCheat,91075
2020-02-04 20:00:09.531 UTC,Quebec,3444,#MayorCheat,96865
2020-02-04 20:00:09.871 UTC,Gomel,825978,#MayorCheat,
2020-02-04 20:00:10.008 UTC,Minsk,834463,#MayorCheat,96865
2020-02-04 20:00:13.643 UTC,Milwaukee,2451822,#MayorCheat,
2020-02-04 20:00:14.688 UTC,Adelaide,1099805,#MayorCheat,96865
2020-02-04 20:00:15.023 UTC,Jacksonville,2428344,#MayorCheat,96865
2020-02-04 20:00:15.167 UTC,Las Vegas,2436704,#MayorCheat,
2020-02-04 20:00:15.306 UTC,San Antonio,2487796,#MayorCheat,96865
2020-02-04 20:00:16.175 UTC,Baton Rouge,2359991,#MayorCheat,96865
2020-02-04 20:00:16.320 UTC,Boston,2367105,#MayorCheat,
2020-02-04 20:00:16.478 UTC,Cincinnati,2380358,#MayorCheat,
2020-02-04 20:00:16.596 UTC,Mesa,2449808,#MayorCheat,
2020-02-04 20:00:16.713 UTC,New York,2459115,#MayorCheat,96865
2020-02-04 20:00:16.862 UTC,Oklahoma City,2464592,#MayorCheat,96865
2020-02-04 20:00:16.977 UTC,Colorado Springs,2383489,#MayorCheat,96865
2020-02-04 20:00:17.256 UTC,Charlotte,2378426,#MayorCheat,96865
2020-02-04 20:00:21.699 UTC,Brisbane,1100661,#MayorCheat,96865
2020-02-04 20:00:21.823 UTC,Sydney,1105779,#MayorCheat,
2020-02-04 20:00:22.215 UTC,Canberra,1100968,#MayorCheat,96865
2020-02-04 20:00:24.626 UTC,Baltimore,2358820,#MayorCheat,96865
2020-02-04 20:00:25.197 UTC,Tampa,2503863,#MayorCheat,
2020-02-04 20:00:25.333 UTC,Virginia Beach,2512636,#MayorCheat,
2020-02-04 20:00:27.121 UTC,Calgary,8775,#MayorCheat,96865
2020-02-04 20:00:27.566 UTC,Albuquerque,2352824,#MayorCheat,
2020-02-04 20:00:27.677 UTC,Cleveland,2381475,#MayorCheat,96865
2020-02-04 20:00:27.876 UTC,Long Beach,2441472,#MayorCheat,96865
2020-02-04 20:00:27.997 UTC,Miami,2450022,#MayorCheat,96865
2020-02-04 20:00:28.117 UTC,New Orleans,2458833,#MayorCheat,
2020-02-04 20:00:29.131 UTC,Washington,2514815,#MayorCheat,
2020-02-04 20:00:29.523 UTC,San Francisco,2487956,#MayorCheat,96865
2020-02-04 20:00:29.662 UTC,Seattle,2490383,#MayorCheat,96865
2020-02-04 20:00:29.793 UTC,Tallahassee,2503713,#MayorCheat,96865
2020-02-04 20:00:30.383 UTC,Grodno,825848,#MayorCheat,
2020-02-04 20:00:34.259 UTC,Philadelphia,2471217,#MayorCheat,
2020-02-04 20:00:34.380 UTC,Raleigh,2478307,#MayorCheat,
2020-02-04 20:00:34.524 UTC,Canada,23424775,#MayorCheat,96865
2020-02-04 20:00:34.663 UTC,San Jose,2488042,#MayorCheat,
2020-02-04 20:00:34.835 UTC,San Diego,2487889,#MayorCheat,96865
2020-02-04 20:00:42.369 UTC,Ottawa,3369,#MayorCheat,96865
2020-02-04 20:00:43.262 UTC,Phoenix,2471390,#MayorCheat,96865
2020-02-04 20:00:43.345 UTC,Portland,2475687,#MayorCheat,96865
2020-02-04 20:00:44.697 UTC,Perth,1098081,#MayorCheat,96865
2020-02-04 20:00:44.814 UTC,Darwin,1101597,#MayorCheat,96865
2020-02-04 20:00:45.626 UTC,Pittsburgh,2473224,#MayorCheat,96865
2020-02-04 20:01:00.456 UTC,Worldwide,1,#MayorCheat,
2020-02-04 20:01:00.598 UTC,Edmonton,8676,#MayorCheat,96865
2020-02-04 20:01:02.114 UTC,Dallas-Ft. Worth,2388929,#MayorCheat,
2020-02-04 20:01:02.568 UTC,Indianapolis,2427032,#MayorCheat,96865
2020-02-04 20:01:02.703 UTC,St. Louis,2486982,#MayorCheat,96865
2020-02-04 20:01:02.785 UTC,Salt Lake City,2487610,#MayorCheat,96865
2020-02-04 20:01:02.922 UTC,Belarus,23424765,#MayorCheat,
2020-02-04 20:01:17.731 UTC,Winnipeg,2972,#MayorCheat,96865
2020-02-04 20:01:19.138 UTC,Harrisburg,2418046,#MayorCheat,
2020-02-04 20:01:19.507 UTC,Memphis,2449323,#MayorCheat,96865
2020-02-04 20:01:19.617 UTC,Minneapolis,2452078,#MayorCheat,96865
2020-02-04 20:01:19.761 UTC,Nashville,2457170,#MayorCheat,96865
2020-02-04 20:01:19.879 UTC,Orlando,2466256,#MayorCheat,
2020-02-04 20:01:20.019 UTC,Sacramento,2486340,#MayorCheat,96865
2020-02-04 20:01:20.130 UTC,Louisville,2442327,#MayorCheat,96865
2020-02-04 20:01:20.963 UTC,Melbourne,1103816,#MayorCheat,96865
2020-02-04 20:01:32.683 UTC,Tucson,2508428,#MayorCheat,96865
2020-02-04 20:01:40.625 UTC,Houston,2424766,#MayorCheat,96865
2020-02-04 20:01:40.742 UTC,Jackson,2428184,#MayorCheat,
2020-02-04 20:01:40.870 UTC,Kansas City,2430683,#MayorCheat,96865
2020-02-04 20:01:40.998 UTC,Atlanta,2357024,#MayorCheat,
2020-02-04 20:01:41.144 UTC,Chicago,2379574,#MayorCheat,
2020-02-04 20:01:41.332 UTC,Columbus,2383660,#MayorCheat,
2020-02-04 20:01:41.453 UTC,Detroit,2391585,#MayorCheat,96865
2020-02-04 20:01:41.710 UTC,Australia,23424748,#MayorCheat,96865
2020-02-04 20:01:44.107 UTC,United States,23424977,#MayorCheat,
2020-02-04 20:01:47.229 UTC,Montreal,3534,#MayorCheat,
2020-02-04 20:01:47.369 UTC,Toronto,4118,#MayorCheat,96865
2020-02-04 20:01:47.897 UTC,Vancouver,9807,#MayorCheat,
2020-02-04 20:01:52.745 UTC,Norfolk,2460389,#MayorCheat,
2020-02-04 20:01:52.884 UTC,El Paso,2397816,#MayorCheat,
2020-02-04 20:01:53.022 UTC,Greensboro,2414469,#MayorCheat,96865
2020-02-04 20:01:53.103 UTC,Austin,2357536,#MayorCheat,
2020-02-04 20:01:53.240 UTC,Honolulu,2423945,#MayorCheat,96865
2020-02-04 20:01:53.350 UTC,Birmingham,2364559,#MayorCheat,
2020-02-04 20:01:53.430 UTC,Denver,2391279,#MayorCheat,
2020-02-04 20:01:53.568 UTC,Fresno,2407517,#MayorCheat,96865
2020-02-04 20:01:53.823 UTC,Providence,2477058,#MayorCheat,96865
2020-02-04 20:01:53.941 UTC,Richmond,2480894,#MayorCheat,
2020-02-04 20:01:54.153 UTC,Omaha,2465512,#MayorCheat,96865
2020-02-04 20:01:54.650 UTC,New Haven,2458410,#MayorCheat,96865
2020-02-04 20:01:54.760 UTC,Los Angeles,2442047,#MayorCheat,
2020-02-04 20:02:04.332 UTC,Brest,824382,#MayorCheat,96865
2020-02-04 21:00:09.574 UTC,Perth,1098081,#MayorCheat,101843
2020-02-04 21:00:09.723 UTC,Canberra,1100968,#MayorCheat,101843
2020-02-04 21:00:25.635 UTC,Edmonton,8676,#MayorCheat,101843
2020-02-04 21:00:25.731 UTC,Vancouver,9807,#MayorCheat,101843
2020-02-04 21:00:30.487 UTC,Winnipeg,2972,#MayorCheat,102191
2020-02-04 21:00:30.623 UTC,Ottawa,3369,#MayorCheat,101843
2020-02-04 21:00:41.733 UTC,Melbourne,1103816,#MayorCheat,101843
2020-02-04 21:00:43.975 UTC,Adelaide,1099805,#MayorCheat,101843
2020-02-04 21:00:48.854 UTC,Pittsburgh,2473224,#MayorCheat,101843
2020-02-04 21:00:49.751 UTC,Australia,23424748,#MayorCheat,101843
2020-02-04 21:00:56.164 UTC,Brisbane,1100661,#MayorCheat,101843
2020-02-04 21:00:56.308 UTC,Sydney,1105779,#MayorCheat,101843
2020-02-04 21:01:12.139 UTC,Worldwide,1,#MayorCheat,101843
2020-02-04 21:01:12.263 UTC,Toronto,4118,#MayorCheat,101843
2020-02-04 21:01:14.056 UTC,Canada,23424775,#MayorCheat,101843
